Frequency_THz,R_air,R_water
1.400000000000000000e+02,8.999999999999931388e-01,8.999999774024762811e-01
1.400400200100050085e+02,8.999679839919887403e-01,8.999679604894649243e-01
1.400800400200100171e+02,8.999359679839842308e-01,8.999359435412926933e-01
1.401200600300149972e+02,8.999039519759798322e-01,8.999039265566382007e-01
1.401600800400200058e+02,8.998719359679753227e-01,8.998719095341318752e-01
1.402001000500250143e+02,8.998399199599708131e-01,8.998398924723548520e-01
1.402401200600300228e+02,8.998079039519663036e-01,8.998078753698368626e-01
1.402801400700350314e+02,8.997758879439616830e-01,8.997758582250547921e-01
1.403201600800400115e+02,8.997438719359571735e-01,8.997438410364304584e-01
1.403601800900450201e+02,8.997118559279524419e-01,8.997118238023287251e-01
1.404002001000500286e+02,8.996798399199478213e-01,8.996798065210562800e-01
1.404402201100550371e+02,8.996478239119430897e-01,8.996477891908584157e-01
1.404802401200600173e+02,8.996158079039383582e-01,8.996157718099180300e-01
1.405202601300650258e+02,8.995837918959335155e-01,8.995837543763525179e-01
1.405602801400700343e+02,8.995517758879287840e-01,8.995517368882127718e-01
1.406003001500750429e+02,8.995197598799239413e-01,8.995197193434792959e-01
1.406403201600800514e+02,8.994877438719188767e-01,8.994877017400610963e-01
1.406803401700850316e+02,8.994557278639139231e-01,8.994556840757930161e-01
1.407203601800900401e+02,8.994237118559088584e-01,8.994236663484322936e-01
1.407603801900950486e+02,8.993916958479037937e-01,8.993916485556574525e-01
1.408004002001000572e+02,8.993596798398985070e-01,8.993596306950639718e-01
1.408404202101050657e+02,8.993276638318933314e-01,8.993276127641629536e-01
1.408804402201100459e+02,8.992956478238881557e-01,8.992955947603772371e-01
1.409204602301150544e+02,8.992636318158826469e-01,8.992635766810387343e-01
1.409604802401200629e+02,8.992316158078772492e-01,8.992315585233855435e-01
1.410005002501250715e+02,8.991995997998716295e-01,8.991995402845585073e-01
1.410405202601300516e+02,8.991675837918661207e-01,8.991675219615984371e-01
1.410805402701350602e+02,8.991355677838602789e-01,8.991355035514417837e-01
1.411205602801400687e+02,8.991035517758545481e-01,8.991034850509181942e-01
1.411605802901450772e+02,8.990715357678487063e-01,8.990714664567461822e-01
1.412006003001500858e+02,8.990395197598426424e-01,8.990394477655299088e-01
1.412406203101550659e+02,8.990075037518365786e-01,8.990074289737550739e-01
1.412806403201600745e+02,8.989754877438301817e-01,8.989754100777850310e-01
1.413206603301650830e+02,8.989434717358238958e-01,8.989433910738567901e-01
1.413606803401700915e+02,8.989114557278172768e-01,8.989113719580764661e-01
1.414007003501751001e+02,8.988794397198107688e-01,8.988793527264158367e-01
1.414407203601800802e+02,8.988474237118039278e-01,8.988473333747066807e-01
1.414807403701850888e+02,8.988154077037969758e-01,8.988153138986367807e-01
1.415207603801900973e+02,8.987833916957899127e-01,8.987832942937457048e-01
1.415607803901951058e+02,8.987513756877825166e-01,8.987512745554186999e-01
1.416008004002000860e+02,8.987193596797751205e-01,8.987192546788825842e-01
1.416408204102050945e+02,8.986873436717673913e-01,8.986872346592000849e-01
1.416808404202101030e+02,8.986553276637595511e-01,8.986552144912649531e-01
1.417208604302151116e+02,8.986233116557514888e-01,8.986231941697954140e-01
1.417608804402201201e+02,8.985912956477432045e-01,8.985911736893293922e-01
1.418009004502251003e+02,8.985592796397346982e-01,8.985591530442186281e-01
1.418409204602301088e+02,8.985272636317257478e-01,8.985271322286217943e-01
1.418809404702351173e+02,8.984952476237167973e-01,8.984951112364989445e-01
1.419209604802401259e+02,8.984632316157074028e-01,8.984630900616046301e-01
1.419609804902451344e+02,8.984312156076977862e-01,8.984310686974819049e-01
1.420010005002501146e+02,8.983991995996878366e-01,8.983990471374545539e-01
1.420410205102551231e+02,8.983671835916775539e-01,8.983670253746202095e-01
1.420810405202601316e+02,8.983351675836669381e-01,8.983350034018442454e-01
1.421210605302651402e+02,8.983031515756558782e-01,8.983029812117502289e-01
1.421610805402701487e+02,8.982711355676445963e-01,8.982709587967141474e-01
1.422011005502751289e+02,8.982391195596327593e-01,8.982389361488549717e-01
1.422411205602801374e+02,8.982071035516205892e-01,8.982069132600274397e-01
1.422811405702851459e+02,8.981750875436079751e-01,8.981748901218128411e-01
1.423211605802901545e+02,8.981430715355948058e-01,8.981428667255106912e-01
1.423611805902951346e+02,8.981110555275813034e-01,8.981108430621300709e-01
1.424012006003001432e+02,8.980790395195670239e-01,8.980788191223791905e-01
1.424412206103051517e+02,8.980470235115524114e-01,8.980467948966573966e-01
1.424812406203101602e+02,8.980150075035370216e-01,8.980147703750440691e-01
1.425212606303151688e+02,8.979829914955211878e-01,8.979827455472894071e-01
1.425612806403201489e+02,8.979509754875047989e-01,8.979507204028032152e-01
1.426013006503251574e+02,8.979189594794875218e-01,8.979186949306448007e-01
1.426413206603301660e+02,8.978869434714695785e-01,8.978866691195116490e-01
1.426813406703351745e+02,8.978549274634508581e-01,8.978546429577280996e-01
1.427213606803401831e+02,8.978229114554313606e-01,8.978226164332335779e-01
1.427613806903451632e+02,8.977908954474111969e-01,8.977905895335704933e-01
1.428014007003501717e+02,8.977588794393899230e-01,8.977585622458720271e-01
1.428414207103551803e+02,8.977268634313677609e-01,8.977265345568490318e-01
1.428814407203601888e+02,8.976948474233445996e-01,8.976945064527772633e-01
1.429214607303651690e+02,8.976628314153205501e-01,8.976624779194833925e-01
1.429614807403701775e+02,8.976308154072952794e-01,8.976304489423311272e-01
1.430015007503751860e+02,8.975987993992690095e-01,8.975984195062075566e-01
1.430415207603801946e+02,8.975667833912414073e-01,8.975663895955070526e-01
1.430815407703852031e+02,8.975347673832125839e-01,8.975343591941175037e-01
1.431215607803901833e+02,8.975027513751825392e-01,8.975023282854035500e-01
1.431615807903951918e+02,8.974707353671508292e-01,8.974702968521907076e-01
1.432016008004002003e+02,8.974387193591178979e-01,8.974382648767497139e-01
1.432416208104052089e+02,8.974067033510833014e-01,8.974062323407779873e-01
1.432816408204102174e+02,8.973746873430471505e-01,8.973741992253834177e-01
1.433216608304151976e+02,8.973426713350092232e-01,8.973421655110653816e-01
1.433616808404202061e+02,8.973106553269694086e-01,8.973101311776966460e-01
1.434017008504252146e+02,8.972786393189279286e-01,8.972780962045041608e-01
1.434417208604302232e+02,8.972466233108842282e-01,8.972460605700494085e-01
1.434817408704352033e+02,8.972146073028385294e-01,8.972140242522083087e-01
1.435217608804402118e+02,8.971825912947904991e-01,8.971819872281501240e-01
1.435617808904452204e+02,8.971505752867402483e-01,8.971499494743165881e-01
1.436018009004502289e+02,8.971185592786875551e-01,8.971179109663992568e-01
1.436418209104552375e+02,8.970865432706323084e-01,8.970858716793175258e-01
1.436818409204602176e+02,8.970545272625742861e-01,8.970538315871950941e-01
1.437218609304652261e+02,8.970225112545133772e-01,8.970217906633358718e-01
1.437618809404702347e+02,8.969904952464495818e-01,8.969897488802001106e-01
1.438019009504752432e+02,8.969584792383824556e-01,8.969577062093782027e-01
1.438419209604802518e+02,8.969264632303122209e-01,8.969256626215655892e-01
1.438819409704852319e+02,8.968944472222384334e-01,8.968936180865353380e-01
1.439219609804902404e+02,8.968624312141609822e-01,8.968615725731109434e-01
1.439619809904952490e+02,8.968304152060796453e-01,8.968295260491387921e-01
1.440020010005002575e+02,8.967983991979942004e-01,8.967974784814578548e-01
1.440420210105052661e+02,8.967663831899046478e-01,8.967654298358712639e-01
1.440820410205102462e+02,8.967343671818104323e-01,8.967333800771143393e-01
1.441220610305152547e+02,8.967023511737116648e-01,8.967013291688247234e-01
1.441620810405202633e+02,8.966703351656077903e-01,8.966692770735082973e-01
1.442021010505252718e+02,8.966383191574989198e-01,8.966372237525074285e-01
1.442421210605302520e+02,8.966063031493844981e-01,8.966051691659662204e-01
1.442821410705352605e+02,8.965742871412643034e-01,8.965731132727949859e-01
1.443221610805402690e+02,8.965422711331381134e-01,8.965410560306352750e-01
1.443621810905452776e+02,8.965102551250054841e-01,8.965089973958220160e-01
1.444022011005502861e+02,8.964782391168663045e-01,8.964769373233462124e-01
1.444422211105552663e+02,8.964462231087201305e-01,8.964448757668148637e-01
1.444822411205602748e+02,8.964142071005664070e-01,8.964128126784118855e-01
1.445222611305652833e+02,8.963821910924051339e-01,8.963807480088566981e-01
1.445622811405702919e+02,8.963501750842355342e-01,8.963486817073615942e-01
1.446023011505753004e+02,8.963181590760576078e-01,8.963166137215885509e-01
1.446423211605802805e+02,8.962861430678705776e-01,8.962845439976045991e-01
1.446823411705852891e+02,8.962541270596742216e-01,8.962524724798363041e-01
1.447223611805902976e+02,8.962221110514678735e-01,8.962203991110219148e-01
1.447623811905953062e+02,8.961900950432512003e-01,8.961883238321645129e-01
1.448024012006002863e+02,8.961580790350236470e-01,8.961562465824811641e-01
1.448424212106052948e+02,8.961260630267845473e-01,8.961241672993524032e-01
1.448824412206103034e+02,8.960940470185334572e-01,8.960920859182707199e-01
1.449224612306153119e+02,8.960620310102695996e-01,8.960600023727861574e-01
1.449624812406203205e+02,8.960300150019926413e-01,8.960279165944516899e-01
1.450025012506253006e+02,8.959979989937016942e-01,8.959958285127668232e-01
1.450425212606303091e+02,8.959659829853960922e-01,8.959637380551193075e-01
1.450825412706353177e+02,8.959339669770751691e-01,8.959316451467265185e-01
1.451225612806403262e+02,8.959019509687379257e-01,8.958995497105735062e-01
1.451625812906453348e+02,8.958699349603839179e-01,8.958674516673511556e-01
1.452026013006503149e+02,8.958379189520120356e-01,8.958353509353915722e-01
1.452426213106553234e+02,8.958059029436216125e-01,8.958032474306026893e-01
1.452826413206603320e+02,8.957738869352114275e-01,8.957711410663999896e-01
1.453226613306653405e+02,8.957418709267808143e-01,8.957390317536381152e-01
1.453626813406703491e+02,8.957098549183285519e-01,8.957069194005391477e-01
1.454027013506753292e+02,8.956778389098537518e-01,8.956748039126199989e-01
1.454427213606803377e+02,8.956458229013551930e-01,8.956426851926172494e-01
1.454827413706853463e+02,8.956138068928315432e-01,8.956105631404112088e-01
1.455227613806903548e+02,8.955817908842818031e-01,8.955784376529466462e-01
1.455627813906953349e+02,8.955497748757046406e-01,8.955463086241524095e-01
1.456028014007003435e+02,8.955177588670986122e-01,8.955141759448587147e-01
1.456428214107053520e+02,8.954857428584623857e-01,8.954820395027126567e-01
1.456828414207103606e+02,8.954537268497944069e-01,8.954498991820908360e-01
1.457228614307153691e+02,8.954217108410932324e-01,8.954177548640107620e-01
1.457628814407203492e+02,8.953896948323570859e-01,8.953856064260390379e-01
1.458029014507253578e+02,8.953576788235844131e-01,8.953534537421984352e-01
1.458429214607303663e+02,8.953256628147733265e-01,8.953212966828713038e-01
1.458829414707353749e+02,8.952936468059220498e-01,8.952891351147016508e-01
1.459229614807403834e+02,8.952616307970284737e-01,8.952569689004939990e-01
1.459629814907453635e+02,8.952296147880907107e-01,8.952247978991110244e-01
1.460030015007503721e+02,8.951975987791064293e-01,8.951926219653664196e-01
1.460430215107553806e+02,8.951655827700734092e-01,8.951604409499174242e-01
1.460830415207603892e+02,8.951335667609895408e-01,8.951282546991536915e-01
1.461230615307653693e+02,8.951015507518520486e-01,8.950960630550829356e-01
1.461630815407703778e+02,8.950695347426583792e-01,8.950638658552149129e-01
1.462031015507753864e+02,8.950375187334059790e-01,8.950316629324417406e-01
1.462431215607803949e+02,8.950055027240917394e-01,8.949994541149154381e-01
1.462831415707854035e+02,8.949734867147129957e-01,8.949672392259229170e-01
1.463231615807903836e+02,8.949414707052664175e-01,8.949350180837573054e-01
1.463631815907953921e+02,8.949094546957488960e-01,8.949027905015870532e-01
1.464032016008004007e+02,8.948774386861567676e-01,8.948705562873203734e-01
1.464432216108054092e+02,8.948454226764868125e-01,8.948383152434685739e-01
1.464832416208104178e+02,8.948134066667350339e-01,8.948060671670040600e-01
1.465232616308153979e+02,8.947813906568974351e-01,8.947738118492157833e-01
1.465632816408204064e+02,8.947493746469702414e-01,8.947415490755625811e-01
1.466033016508254150e+02,8.947173586369487897e-01,8.947092786255196328e-01
1.466433216608304235e+02,8.946853426268288612e-01,8.946770002724255821e-01
1.466833416708354321e+02,8.946533266166056819e-01,8.946447137833218877e-01
1.467233616808404122e+02,8.946213106062742559e-01,8.946124189187920628e-01
1.467633816908454207e+02,8.945892945958295872e-01,8.945801154327941429e-01
1.468034017008504293e+02,8.945572785852660136e-01,8.945478030724909324e-01
1.468434217108554378e+02,8.945252625745782060e-01,8.945154815780765878e-01
1.468834417208604179e+02,8.944932465637599472e-01,8.944831506825969836e-01
1.469234617308654265e+02,8.944612305528053531e-01,8.944508101117689680e-01
1.469634817408704350e+02,8.944292145417077622e-01,8.944184595837926244e-01
1.470035017508754436e+02,8.943971985304606243e-01,8.943860988091608677e-01
1.470435217608804521e+02,8.943651825190567228e-01,8.943537274904643786e-01
1.470835417708854322e+02,8.943331665074886194e-01,8.943213453221913189e-01
1.471235617808904408e+02,8.943011504957487645e-01,8.942889519905237172e-01
1.471635817908954493e+02,8.942691344838288314e-01,8.942565471731278581e-01
1.472036018009004579e+02,8.942371184717206045e-01,8.942241305389412309e-01
1.472436218109054380e+02,8.942051024594152020e-01,8.941917017479530383e-01
1.472836418209104465e+02,8.941730864469031870e-01,8.941592604509812636e-01
1.473236618309154551e+02,8.941410704341750115e-01,8.941268062894446311e-01
1.473636818409204636e+02,8.941090544212204616e-01,8.940943388951272386e-01
1.474037018509254722e+02,8.940770384080292121e-01,8.940618578899417468e-01
1.474437218609304523e+02,8.940450223945899388e-01,8.940293628856829100e-01
1.474837418709354608e+02,8.940130063808913174e-01,8.939968534837796632e-01
1.475237618809404694e+02,8.939809903669211355e-01,8.939643292750385495e-01
1.475637818909454779e+02,8.939489743526667365e-01,8.939317898393834838e-01
1.476038019009504865e+02,8.939169583381150197e-01,8.938992347455888554e-01
1.476438219109554666e+02,8.938849423232521074e-01,8.938666635510064129e-01
1.476838419209604751e+02,8.938529263080635667e-01,8.938340758012875975e-01
1.477238619309654837e+02,8.938209102925342986e-01,8.938014710300982157e-01
1.477638819409704922e+02,8.937888942766487599e-01,8.937688487588276720e-01
1.478039019509755008e+02,8.937568782603902973e-01,8.937362084962916509e-01
1.478439219609804809e+02,8.937248622437418133e-01,8.937035497384290261e-01
1.478839419709854894e+02,8.936928462266853224e-01,8.936708719679905544e-01
1.479239619809904980e+02,8.936608302092018397e-01,8.936381746542227944e-01
1.479639819909955065e+02,8.936288141912720473e-01,8.936054572525444772e-01
1.480040020010005151e+02,8.935967981728752951e-01,8.935727192042149936e-01
1.480440220110054952e+02,8.935647821539903779e-01,8.935399599359975520e-01
1.480840420210105037e+02,8.935327661345945360e-01,8.935071788598136777e-01
1.481240620310155123e+02,8.935007501146647879e-01,8.934743753723916049e-01
1.481640820410205208e+02,8.934687340941765976e-01,8.934415488549056761e-01
1.482041020510255009e+02,8.934367180731044300e-01,8.934086986726098578e-01
1.482441220610305095e+02,8.934047020514218618e-01,8.933758241744631512e-01
1.482841420710355180e+02,8.933726860291008043e-01,8.933429246927453438e-01
1.483241620810405266e+02,8.933406700061125028e-01,8.933099995426679873e-01
1.483641820910455351e+02,8.933086539824264261e-01,8.932770480219739406e-01
1.484042021010505152e+02,8.932766379580111549e-01,8.932440694105314716e-01
1.484442221110555238e+02,8.932446219328336046e-01,8.932110629699177018e-01
1.484842421210605323e+02,8.932126059068591362e-01,8.931780279429949454e-01
1.485242621310655409e+02,8.931805898800520005e-01,8.931449635534784992e-01
1.485642821410705210e+02,8.931485738523742279e-01,8.931118690054933307e-01
1.486043021510755295e+02,8.931165578237869607e-01,8.930787434831252147e-01
1.486443221610805381e+02,8.930845417942490094e-01,8.930455861499598802e-01
1.486843421710855466e+02,8.930525257637177416e-01,8.930123961486143846e-01
1.487243621810905552e+02,8.930205097321486374e-01,8.929791726002581642e-01
1.487643821910955353e+02,8.929884936994947342e-01,8.929459146041249795e-01
1.488044022011005438e+02,8.929564776657078484e-01,8.929126212370158688e-01
1.488444222111055524e+02,8.929244616307371318e-01,8.928792915527896668e-01
1.488844422211105609e+02,8.928924455945296268e-01,8.928459245818467505e-01
1.489244622311155695e+02,8.928604295570301552e-01,8.928125193305995744e-01
1.489644822411205496e+02,8.928284135181812076e-01,8.927790747809353222e-01
1.490045022511255581e+02,8.927963974779226097e-01,8.927455898896653474e-01
1.490445222611305667e+02,8.927643814361916341e-01,8.927120635879662869e-01
1.490845422711355752e+02,8.927323653929228886e-01,8.926784947808092952e-01
1.491245622811405838e+02,8.927003493480482055e-01,8.926448823463771776e-01
1.491645822911455639e+02,8.926683333014964195e-01,8.926112251354725302e-01
1.492046023011505724e+02,8.926363172531931456e-01,8.925775219709120023e-01
1.492446223111555810e+02,8.926043012030612234e-01,8.925437716469107885e-01
1.492846423211605895e+02,8.925722851510199396e-01,8.925099729284544647e-01
1.493246623311655696e+02,8.925402690969846953e-01,8.924761245506588336e-01
1.493646823411705782e+02,8.925082530408682269e-01,8.924422252181182236e-01
1.494047023511755867e+02,8.924762369825786079e-01,8.924082736042407982e-01
1.494447223611805953e+02,8.924442209220205813e-01,8.923742683505718754e-01
1.494847423711856038e+02,8.924122048590944489e-01,8.923402080661038127e-01
1.495247623811905839e+02,8.923801887936967381e-01,8.923060913265742355e-01
1.495647823911955925e+02,8.923481727257190910e-01,8.922719166737497209e-01
1.496048024012006010e+02,8.923161566550487089e-01,8.922376826146977136e-01
1.496448224112056096e+02,8.922841405815682414e-01,8.922033876210437864e-01
1.496848424212106181e+02,8.922521245051550087e-01,8.921690301282158009e-01
1.497248624312155982e+02,8.922201084256814463e-01,8.921346085346745225e-01
1.497648824412206068e+02,8.921880923430143273e-01,8.921001212011292480e-01
1.498049024512256153e+02,8.921560762570150960e-01,8.920655664497407766e-01
1.498449224612306239e+02,8.921240601675392012e-01,8.920309425633079492e-01
1.498849424712356040e+02,8.920920440744359858e-01,8.919962477844414206e-01
1.499249624812406125e+02,8.920600279775485753e-01,8.919614803147218884e-01
1.499649824912456211e+02,8.920280118767132116e-01,8.919266383138425569e-01
1.500050025012506296e+02,8.919959957717599197e-01,8.918917198987381667e-01
1.500450225112556382e+02,8.919639796625109529e-01,8.918567231426964836e-01
1.500850425212606183e+02,8.919319635487814590e-01,8.918216460744564644e-01
1.501250625312656268e+02,8.918999474303789254e-01,8.917864866772881038e-01
1.501650825412706354e+02,8.918679313071025128e-01,8.917512428880584041e-01
1.502051025512756439e+02,8.918359151787433881e-01,8.917159125962803579e-01
1.502451225612806525e+02,8.918038990450838366e-01,8.916804936431447226e-01
1.502851425712856326e+02,8.917718829058972618e-01,8.916449838205365852e-01
1.503251625812906411e+02,8.917398667609472973e-01,8.916093808700337187e-01
1.503651825912956497e+02,8.917078506099884727e-01,8.915736824818892847e-01
1.504052026013006582e+02,8.916758344527645486e-01,8.915378862939953297e-01
1.504452226113056668e+02,8.916438182890088493e-01,8.915019898908310703e-01
1.504852426213106469e+02,8.916118021184441522e-01,8.914659908023923052e-01
1.505252626313156554e+02,8.915797859407811332e-01,8.914298865031021757e-01
1.505652826413206640e+02,8.915477697557191439e-01,8.913936744107057164e-01
1.506053026513256725e+02,8.915157535629449903e-01,8.913573518851443112e-01
1.506453226613306526e+02,8.914837373621326000e-01,8.913209162274132735e-01
1.506853426713356612e+02,8.914517211529426888e-01,8.912843646783986662e-01
1.507253626813406697e+02,8.914197049350218727e-01,8.912476944176972449e-01
1.507653826913456783e+02,8.913876887080026679e-01,8.912109025624164182e-01
1.508054027013506868e+02,8.913556724715023805e-01,8.911739861659537798e-01
1.508454227113556669e+02,8.913236562251228845e-01,8.911369422167593202e-01
1.508854427213606755e+02,8.912916399684497337e-01,8.910997676370756571e-01
1.509254627313656840e+02,8.912596237010518285e-01,8.910624592816600575e-01
1.509654827413706926e+02,8.912276074224806388e-01,8.910250139364847000e-01
1.510055027513756727e+02,8.911955911322689827e-01,8.909874283174177290e-01
1.510455227613806812e+02,8.911635748299316928e-01,8.909496990688834384e-01
1.510855427713856898e+02,8.911315585149630625e-01,8.909118227625006936e-01
1.511255627813906983e+02,8.910995421868378452e-01,8.908737958957022585e-01
1.511655827913957069e+02,8.910675258450091452e-01,8.908356148903304739e-01
1.512056028014006870e+02,8.910355094889083061e-01,8.907972760912142851e-01
1.512456228114056955e+02,8.910034931179438011e-01,8.907587757647215110e-01
1.512856428214107041e+02,8.909714767315002337e-01,8.907201100972921282e-01
1.513256628314157126e+02,8.909394603289380044e-01,8.906812751939479078e-01
1.513656828414207212e+02,8.909074439095915343e-01,8.906422670767801808e-01
1.514057028514257013e+02,8.908754274727691547e-01,8.906030816834156205e-01
1.514457228614307098e+02,8.908434110177509968e-01,8.905637148654580448e-01
1.514857428714357184e+02,8.908113945437893255e-01,8.905241623869100120e-01
1.515257628814407269e+02,8.907793780501060965e-01,8.904844199225681045e-01
1.515657828914457355e+02,8.907473615358926233e-01,8.904444830563977842e-01
1.516058029014507156e+02,8.907153450003083561e-01,8.904043472798837122e-01
1.516458229114557241e+02,8.906833284424792163e-01,8.903640079903561988e-01
1.516858429214607327e+02,8.906513118614968194e-01,8.903234604892946713e-01
1.517258629314657412e+02,8.906192952564168097e-01,8.902826999806063846e-01
1.517658829414707498e+02,8.905872786262579721e-01,8.902417215688827046e-01
1.518059029514757299e+02,8.905552619700001227e-01,8.902005202576283027e-01
1.518459229614807384e+02,8.905232452865829984e-01,8.901590909474688118e-01
1.518859429714857470e+02,8.904912285749051470e-01,8.901174284343321697e-01
1.519259629814907555e+02,8.904592118338217066e-01,8.900755274076055379e-01
1.519659829914957356e+02,8.904271950621434062e-01,8.900333824482679068e-01
1.520060030015007442e+02,8.903951782586340125e-01,8.899909880269961659e-01
1.520460230115057527e+02,8.903631614220095525e-01,8.899483385022478599e-01
1.520860430215107613e+02,8.903311445509359823e-01,8.899054281183170767e-01
1.521260630315157698e+02,8.902991276440272994e-01,8.898622510033649124e-01
1.521660830415207499e+02,8.902671106998438777e-01,8.898188011674259545e-01
1.522061030515257585e+02,8.902350937168901357e-01,8.897750725003857886e-01
1.522461230615307670e+02,8.902030766936128714e-01,8.897310587699359674e-01
1.522861430715357756e+02,8.901710596283985977e-01,8.896867536195004478e-01
1.523261630815407557e+02,8.901390425195720990e-01,8.896421505661372686e-01
1.523661830915457642e+02,8.901070253653929898e-01,8.895972429984128071e-01
1.524062031015507728e+02,8.900750081640541600e-01,8.895520241742506107e-01
1.524462231115557813e+02,8.900429909136794437e-01,8.895064872187532501e-01
1.524862431215607899e+02,8.900109736123203996e-01,8.894606251219971949e-01
1.525262631315657700e+02,8.899789562579543123e-01,8.894144307368019309e-01
1.525662831415707785e+02,8.899469388484806398e-01,8.893678967764708787e-01
1.526063031515757871e+02,8.899149213817189041e-01,8.893210158125065545e-01
1.526463231615807956e+02,8.898829038554059156e-01,8.892737802722988638e-01
1.526863431715858042e+02,8.898508862671916653e-01,8.892261824367846401e-01
1.527263631815907843e+02,8.898188686146374371e-01,8.891782144380826480e-01
1.527663831915957928e+02,8.897868508952115896e-01,8.891298682570989431e-01
1.528064032016008014e+02,8.897548331062868909e-01,8.890811357211069188e-01
1.528464232116058099e+02,8.897228152451364114e-01,8.890320085012984874e-01
1.528864432216108185e+02,8.896907973089306365e-01,8.889824781103096152e-01
1.529264632316157986e+02,8.896587792947330264e-01,8.889325358997168802e-01
1.529664832416208071e+02,8.896267611994963520e-01,8.888821730575079405e-01
1.530065032516258157e+02,8.895947430200594752e-01,8.888313806055239130e-01
1.530465232616308242e+02,8.895627247531416870e-01,8.887801493968748856e-01
1.530865432716358043e+02,8.895307063953402649e-01,8.887284701133277842e-01
1.531265632816408129e+02,8.894986879431244775e-01,8.886763332626665957e-01
1.531665832916458214e+02,8.894666693928316992e-01,8.886237291760258339e-01
1.532066033016508300e+02,8.894346507406631908e-01,8.885706480051966949e-01
1.532466233116558385e+02,8.894026319826782156e-01,8.885170797199053450e-01
1.532866433216608186e+02,8.893706131147897098e-01,8.884630141050648966e-01
1.533266633316658272e+02,8.893385941327586197e-01,8.884084407579989628e-01
1.533666833416708357e+02,8.893065750321890173e-01,8.883533490856402315e-01
1.534067033516758443e+02,8.892745558085221047e-01,8.882977283016992853e-01
1.534467233616808528e+02,8.892425364570306634e-01,8.882415674238091086e-01
1.534867433716858329e+02,8.892105169728129477e-01,8.881848552706412825e-01
1.535267633816908415e+02,8.891784973507863565e-01,8.881275804589956469e-01
1.535667833916958500e+02,8.891464775856819935e-01,8.880697314008643151e-01
1.536068034017008586e+02,8.891144576720367843e-01,8.880112963004680449e-01
1.536468234117058387e+02,8.890824376041878141e-01,8.879522631512672959e-01
1.536868434217108472e+02,8.890504173762644458e-01,8.878926197329466419e-01
1.537268634317158558e+02,8.890183969821814358e-01,8.878323536083729817e-01
1.537668834417208643e+02,8.889863764156318293e-01,8.877714521205295473e-01
1.538069034517258729e+02,8.889543556700785221e-01,8.877099023894216012e-01
1.538469234617308530e+02,8.889223347387468221e-01,8.876476913089599297e-01
1.538869434717358615e+02,8.888903136146155681e-01,8.875848055438163575e-01
1.539269634817408701e+02,8.888582922904093575e-01,8.875212315262567264e-01
1.539669834917458786e+02,8.888262707585892208e-01,8.874569554529472271e-01
1.540070035017508872e+02,8.887942490113437399e-01,8.873919632817380831e-01
1.540470235117558673e+02,8.887622270405793889e-01,8.873262407284218112e-01
1.540870435217608758e+02,8.887302048379108754e-01,8.872597732634679435e-01
1.541270635317658844e+02,8.886981823946519254e-01,8.871925461087354359e-01
1.541670835417708929e+02,8.886661597018034042e-01,8.871245442341596510e-01
1.542071035517759015e+02,8.886341367500441013e-01,8.870557523544190248e-01
1.542471235617808816e+02,8.886021135297187401e-01,8.869861549255766420e-01
1.542871435717858901e+02,8.885700900308270977e-01,8.869157361417019381e-01
1.543271635817908987e+02,8.885380662430120147e-01,8.868444799314693094e-01
1.543671835917959072e+02,8.885060421555474042e-01,8.867723699547357397e-01
1.544072036018008873e+02,8.884740177573255959e-01,8.866993895990975538e-01
1.544472236118058959e+02,8.884419930368443463e-01,8.866255219764261897e-01
1.544872436218109044e+02,8.884099679821940709e-01,8.865507499193848728e-01
1.545272636318159130e+02,8.883779425810429675e-01,8.864750559779246419e-01
1.545672836418209215e+02,8.883459168206241374e-01,8.863984224157619440e-01
1.546073036518259016e+02,8.883138906877198204e-01,8.863208312068369121e-01
1.546473236618309102e+02,8.882818641686468508e-01,8.862422640317541012e-01
1.546873436718359187e+02,8.882498372492412253e-01,8.861627022742062376e-01
1.547273636818409273e+02,8.882178099148410055e-01,8.860821270173787623e-01
1.547673836918459358e+02,8.881857821502713302e-01,8.860005190403408282e-01
1.548074037018509159e+02,8.881537539398258740e-01,8.859178588144177580e-01
1.548474237118559245e+02,8.881217252672495288e-01,8.858341264995500675e-01
1.548874437218609330e+02,8.880896961157208613e-01,8.857493019406370571e-01
1.549274637318659416e+02,8.880576664678324628e-01,8.856633646638663038e-01
1.549674837418709217e+02,8.880256363055721858e-01,8.855762938730306066e-01
1.550075037518759302e+02,8.879936056103027164e-01,8.854880684458307227e-01
1.550475237618809388e+02,8.879615743627415902e-01,8.853986669301685541e-01
1.550875437718859473e+02,8.879295425429388766e-01,8.853080675404263467e-01
1.551275637818909559e+02,8.878975101302568618e-01,8.852162481537378946e-01
1.551675837918959360e+02,8.878654771033458459e-01,8.851231863062480887e-01
1.552076038019009445e+02,8.878334434401218278e-01,8.850288591893645807e-01
1.552476238119059531e+02,8.878014091177427458e-01,8.849332436460015661e-01
1.552876438219109616e+02,8.877693741125827209e-01,8.848363161668152399e-01
1.553276638319159701e+02,8.877373384002078538e-01,8.847380528864337013e-01
1.553676838419209503e+02,8.877053019553488022e-01,8.846384295796804187e-01
1.554077038519259588e+02,8.876732647518743580e-01,8.845374216577938098e-01
1.554477238619309674e+02,8.876412267627639130e-01,8.844350041646433791e-01
1.554877438719359759e+02,8.876091879600777057e-01,8.843311517729408600e-01
1.555277638819409844e+02,8.875771483149283991e-01,8.842258387804523556e-01
1.555677838919459646e+02,8.875451077974496616e-01,8.841190391062072607e-01
1.556078039019509731e+02,8.875130663767653028e-01,8.840107262867085147e-01
1.556478239119559817e+02,8.874810240209567436e-01,8.839008734721433003e-01
1.556878439219609902e+02,8.874489806970299322e-01,8.837894534225965160e-01
1.557278639319659703e+02,8.874169363708803715e-01,8.836764385042668035e-01
1.557678839419709789e+02,8.873848910072585916e-01,8.835618006856870155e-01
1.558079039519759874e+02,8.873528445697332900e-01,8.834455115339509002e-01
1.558479239619809960e+02,8.873207970206540285e-01,8.833275422109445607e-01
1.558879439719860045e+02,8.872887483211127080e-01,8.832078634695879060e-01
1.559279639819909846e+02,8.872566984309033788e-01,8.830864456500827631e-01
1.559679839919959932e+02,8.872246473084818286e-01,8.829632586761725355e-01
1.560080040020010017e+02,8.871925949109235043e-01,8.828382720514130755e-01
1.560480240120060103e+02,8.871605411938796593e-01,8.827114548554546580e-01
1.560880440220109904e+02,8.871284861115333875e-01,8.825827757403403862e-01
1.561280640320159989e+02,8.870964296165529950e-01,8.824522029268168088e-01
1.561680840420210075e+02,8.870643716600455919e-01,8.823197042006633017e-01
1.562081040520260160e+02,8.870323121915074660e-01,8.821852469090382121e-01
1.562481240620310246e+02,8.870002511587747884e-01,8.820487979568439885e-01
1.562881440720360047e+02,8.869681885079717665e-01,8.819103238031136272e-01
1.563281640820410132e+02,8.869361241834575749e-01,8.817697904574179901e-01
1.563681840920460218e+02,8.869040581277721769e-01,8.816271634762983256e-01
1.564082041020510303e+02,8.868719902815799250e-01,8.814824079597212148e-01
1.564482241120560388e+02,8.868399205836118293e-01,8.813354885475624956e-01
1.564882441220610190e+02,8.868078489706063827e-01,8.811863694161164995e-01
1.565282641320660275e+02,8.867757753772483875e-01,8.810350142746367075e-01
1.565682841420710361e+02,8.867436997361062279e-01,8.808813863619070483e-01
1.566083041520760446e+02,8.867116219775669217e-01,8.807254484428439500e-01
1.566483241620810531e+02,8.866795420297705066e-01,8.805671628051354727e-01
1.566883441720860333e+02,8.866474598185406508e-01,8.804064912559131928e-01
1.567283641820910418e+02,8.866153752673154864e-01,8.802433951184638339e-01
1.567683841920960504e+02,8.865832882970743345e-01,8.800778352289790885e-01
1.568084042021010589e+02,8.865511988262647636e-01,8.799097719333458523e-01
1.568484242121060674e+02,8.865191067707248740e-01,8.797391650839796462e-01
1.568884442221110476e+02,8.864870120436054712e-01,8.795659740367017809e-01
1.569284642321160561e+02,8.864549145552900189e-01,8.793901576476629289e-01
1.569684842421210647e+02,8.864228142133105948e-01,8.792116742703144361e-01
1.570085042521260732e+02,8.863907109222635139e-01,8.790304817524292602e-01
1.570485242621310533e+02,8.863586045837215099e-01,8.788465374331735358e-01
1.570885442721360619e+02,8.863264950961434741e-01,8.786597981402327617e-01
1.571285642821410704e+02,8.862943823547827504e-01,8.784702201869927229e-01
1.571685842921460790e+02,8.862622662515914351e-01,8.782777593697764784e-01
1.572086043021510591e+02,8.862301466751230095e-01,8.780823709651425224e-01
1.572486243121560676e+02,8.861980235104321979e-01,8.778840097272403442e-01
1.572886443221610762e+02,8.861658966389719394e-01,8.776826298852333785e-01
1.573286643321660847e+02,8.861337659384873611e-01,8.774781851407830180e-01
1.573686843421710932e+02,8.861016312829075314e-01,8.772706286656014596e-01
1.574087043521760734e+02,8.860694925422334389e-01,8.770599130990726078e-01
1.574487243621810819e+02,8.860373495824233059e-01,8.768459905459441428e-01
1.574887443721860905e+02,8.860052022652756820e-01,8.766288125740933079e-01
1.575287643821910990e+02,8.859730504483074309e-01,8.764083302123661934e-01
1.575687843921961075e+02,8.859408939846307174e-01,8.761844939484955130e-01
1.576088044022010877e+02,8.859087327228247766e-01,8.759572537270972070e-01
1.576488244122060962e+02,8.858765665068052408e-01,8.757265589477476464e-01
1.576888444222111048e+02,8.858443951756906909e-01,8.754923584631464362e-01
1.577288644322161133e+02,8.858122185636633228e-01,8.752546005773624849e-01
1.577688844422211218e+02,8.857800364998290599e-01,8.750132330441693362e-01
1.578089044522261020e+02,8.857478488080710033e-01,8.747682030654708729e-01
1.578489244622311105e+02,8.857156553069014393e-01,8.745194572898179475e-01
1.578889444722361191e+02,8.856834558093081844e-01,8.742669418110206037e-01
1.579289644822411276e+02,8.856512501225980438e-01,8.740106021668577752e-01
1.579689844922461361e+02,8.856190380482358293e-01,8.737503833378834628e-01
1.580090045022511163e+02,8.855868193816786027e-01,8.734862297463368286e-01
1.580490245122561248e+02,8.855545939122072552e-01,8.732180852551545414e-01
1.580890445222611334e+02,8.855223614227514251e-01,8.729458931670892596e-01
1.581290645322661419e+02,8.854901216897121952e-01,8.726695962239365834e-01
1.581690845422711504e+02,8.854578744827784620e-01,8.723891366058713626e-01
1.582091045522761306e+02,8.854256195647397520e-01,8.721044559308991362e-01
1.582491245622811391e+02,8.853933566912938202e-01,8.718154952544194813e-01
1.582891445722861476e+02,8.853610856108485860e-01,8.715221950689099328e-01
1.583291645822911562e+02,8.853288060643212942e-01,8.712244953037283635e-01
1.583691845922961363e+02,8.852965177849293488e-01,8.709223353250371558e-01
1.584092046023011449e+02,8.852642204979792595e-01,8.706156539358528290e-01
1.584492246123061534e+02,8.852319139206472620e-01,8.703043893762222316e-01
1.584892446223111619e+02,8.851995977617567180e-01,8.699884793235285185e-01
1.585292646323161421e+02,8.851672717215486319e-01,8.696678608929284682e-01
1.585692846423211506e+02,8.851349354914465062e-01,8.693424706379228040e-01
1.586093046523261592e+02,8.851025887538165327e-01,8.690122445510664040e-01
1.586493246623311677e+02,8.850702311817201240e-01,8.686771180648134028e-01
1.586893446723361762e+02,8.850378624386615600e-01,8.683370260525069551e-01
1.587293646823411564e+02,8.850054821783289727e-01,8.679919028295099981e-01
1.587693846923461649e+02,8.849730900443286696e-01,8.676416821544838953e-01
1.588094047023511735e+02,8.849406856699140178e-01,8.672862972308157392e-01
1.588494247123561820e+02,8.849082686777058893e-01,8.669256807081953120e-01
1.588894447223611905e+02,8.848758386794083330e-01,8.665597646843464785e-01
1.589294647323661707e+02,8.848433952755159204e-01,8.661884807069135661e-01
1.589694847423711792e+02,8.848109380550143177e-01,8.658117597755062844e-01
1.590095047523761878e+02,8.847784665950739758e-01,8.654295323439052945e-01
1.590495247623811963e+02,8.847459804607361589e-01,8.650417283224303144e-01
1.590895447723862048e+02,8.847134792045916463e-01,8.646482770804735374e-01
1.591295647823911850e+02,8.846809623664509958e-01,8.642491074492008041e-01
1.591695847923961935e+02,8.846484294730087017e-01,8.638441477244221955e-01
1.592096048024012021e+02,8.846158800374968045e-01,8.634333256696361536e-01
1.592496248124062106e+02,8.845833135593332841e-01,8.630165685192474623e-01
1.592896448224112191e+02,8.845507295237587941e-01,8.625938029819614217e-01
1.593296648324161993e+02,8.845181274014684014e-01,8.621649552443593212e-01
1.593696848424212078e+02,8.844855066482317785e-01,8.617299509746526587e-01
1.594097048524262163e+02,8.844528667045055137e-01,8.612887153266245432e-01
1.594497248624312249e+02,8.844202069950378720e-01,8.608411729437550619e-01
1.594897448724362334e+02,8.843875269284613427e-01,8.603872479635344961e-01
1.595297648824412136e+02,8.843548258968786380e-01,8.599268640219697168e-01
1.595697848924462221e+02,8.843221032754371436e-01,8.594599442582797622e-01
1.596098049024512306e+02,8.842893584218951553e-01,8.589864113197904771e-01
1.596498249124562392e+02,8.842565906761764571e-01,8.585061873670226662e-01
1.596898449224612193e+02,8.842237993599164625e-01,8.580191940789823057e-01
1.597298649324662279e+02,8.841909837759969193e-01,8.575253526586491537e-01
1.597698849424712364e+02,8.841581432080698466e-01,8.570245838386727488e-01
1.598099049524762449e+02,8.841252769200722561e-01,8.565168078872705815e-01
1.598499249624812251e+02,8.840923841557279950e-01,8.560019446143357635e-01
1.598899449724862336e+02,8.840594641380394858e-01,8.554799133777520881e-01
1.599299649824912422e+02,8.840265160687682533e-01,8.549506330899248052e-01
1.599699849924962507e+02,8.839935391279031274e-01,8.544140222245202310e-01
1.600100050025012592e+02,8.839605324731173441e-01,8.538699988234242921e-01
1.600500250125062394e+02,8.839274952392129903e-01,8.533184805039161214e-01
1.600900450225112479e+02,8.838944265375536791e-01,8.527593844660614764e-01
1.601300650325162565e+02,8.838613254554844589e-01,8.521926275003286477e-01
1.601700850425212650e+02,8.838281910557396204e-01,8.516181259954245242e-01
1.602101050525262735e+02,8.837950223758364032e-01,8.510357959463572541e-01
1.602501250625312537e+02,8.837618184274563804e-01,8.504455529627236166e-01
1.602901450725362622e+02,8.837285781958140740e-01,8.498473122772242094e-01
1.603301650825412707e+02,8.836953006390099175e-01,8.492409887544100089e-01
1.603701850925462793e+02,8.836619846873715600e-01,8.486264968996577451e-01
1.604102051025512878e+02,8.836286292427794065e-01,8.480037508683777592e-01
1.604502251125562680e+02,8.835952331779789448e-01,8.473726644754582260e-01
1.604902451225612765e+02,8.835617953358775312e-01,8.467331512049400821e-01
1.605302651325662850e+02,8.835283145288266304e-01,8.460851242199342037e-01
1.605702851425712936e+02,8.834947895378895133e-01,8.454284963727736191e-01
1.606103051525763021e+02,8.834612191120921887e-01,8.447631802154038638e-01
1.606503251625812823e+02,8.834276019676604585e-01,8.440890880100172522e-01
1.606903451725862908e+02,8.833939367872393200e-01,8.434061317399241808e-01
1.607303651825912993e+02,8.833602222190972686e-01,8.427142231206734557e-01
1.607703851925963079e+02,8.833264568763138369e-01,8.420132736114103178e-01
1.608104052026012880e+02,8.832926393359501471e-01,8.413031944264828255e-01
1.608504252126062966e+02,8.832587681382033651e-01,8.405838965472918201e-01
1.608904452226113051e+02,8.832248417855420586e-01,8.398552907343900253e-01
1.609304652326163136e+02,8.831908587418265677e-01,8.391172875398267283e-01
1.609704852426213222e+02,8.831568174314085029e-01,8.383697973197399289e-01
1.610105052526263023e+02,8.831227162382152551e-01,8.376127302471997327e-01
1.610505252626313109e+02,8.830885535048131896e-01,8.368459963252967704e-01
1.610905452726363194e+02,8.830543275314540752e-01,8.360695054004866344e-01
1.611305652826413279e+02,8.830200365751021963e-01,8.352831671761797860e-01
1.611705852926463081e+02,8.829856788484408137e-01,8.344868912265835936e-01
1.612106053026513166e+02,8.829512525188615291e-01,8.336805870107949490e-01
1.612506253126563251e+02,8.829167557074304451e-01,8.328641638871465691e-01
1.612906453226613337e+02,8.828821864878376724e-01,8.320375311278020991e-01
1.613306653326663422e+02,8.828475428853234108e-01,8.312005979336035688e-01
1.613706853426713224e+02,8.828128228755847129e-01,8.303532734491712031e-01
1.614107053526763309e+02,8.827780243836614860e-01,8.294954667782523661e-01
1.614507253626813394e+02,8.827431452827990688e-01,8.286270869993264121e-01
1.614907453726863480e+02,8.827081833932916011e-01,8.277480431814564499e-01
1.615307653826913565e+02,8.826731364813009684e-01,8.268582444003932386e-01
1.615707853926963367e+02,8.826380022576557627e-01,8.259575997549314375e-01
1.616108054027013452e+02,8.826027783766251522e-01,8.250460183835107708e-01
1.616508254127063537e+02,8.825674624346711017e-01,8.241234094810744315e-01
1.616908454227113623e+02,8.825320519691776111e-01,8.231896823161698462e-01
1.617308654327163708e+02,8.824965444571548634e-01,8.222447462482990188e-01
1.617708854427213510e+02,8.824609373139207236e-01,8.212885107455191180e-01
1.618109054527263595e+02,8.824252278917569248e-01,8.203208854022829843e-01
1.618509254627313680e+02,8.823894134785418286e-01,8.193417799575340998e-01
1.618909454727363766e+02,8.823534912963566512e-01,8.183511043130371476e-01
1.619309654827413851e+02,8.823174585000674863e-01,8.173487685519570389e-01
1.619709854927463653e+02,8.822813121758816823e-01,8.163346829576778596e-01
1.620110055027513738e+02,8.822450493398776850e-01,8.153087580328597372e-01
1.620510255127563823e+02,8.822086669365091227e-01,8.142709045187417338e-01
1.620910455227613909e+02,8.821721618370818030e-01,8.132210334146743325e-01
1.621310655327663710e+02,8.821355308382041738e-01,8.121590559978932866e-01
1.621710855427713796e+02,8.820987706602103628e-01,8.110848838435208430e-01
1.622111055527763881e+02,8.820618779455549063e-01,8.099984288448085490e-01
1.622511255627813966e+02,8.820248492571816090e-01,8.088996032336022157e-01
1.622911455727863768e+02,8.819876810768608744e-01,8.077883196010381406e-01
1.623311655827913853e+02,8.819503698035017214e-01,8.066644909184625956e-01
1.623711855927963938e+02,8.819129117514321603e-01,8.055280305585807987e-01
1.624112056028014024e+02,8.818753031486524785e-01,8.043788523168209359e-01
1.624512256128064109e+02,8.818375401350571074e-01,8.032168704329198938e-01
1.624912456228113911e+02,8.817996187606272906e-01,8.020419996127251538e-01
1.625312656328163996e+02,8.817615349835945526e-01,8.008541550502071837e-01
1.625712856428214081e+02,8.817232846685707504e-01,7.996532524496887673e-01
1.626113056528264167e+02,8.816848635846507021e-01,7.984392080482762832e-01
1.626513256628314252e+02,8.816462674034802882e-01,7.972119386384975970e-01
1.626913456728364054e+02,8.816074916972956865e-01,7.959713615911440110e-01
1.627313656828414139e+02,8.815685319369285233e-01,7.947173948783036179e-01
1.627713856928464224e+02,8.815293834897799385e-01,7.934499570966009330e-01
1.628114057028514310e+02,8.814900416177624543e-01,7.921689674906187140e-01
1.628514257128564395e+02,8.814505014752075374e-01,7.908743459765107398e-01
1.628914457228614197e+02,8.814107581067416319e-01,7.895660131658022163e-01
1.629314657328664282e+02,8.813708064451271085e-01,7.882438903893629334e-01
1.629714857428714367e+02,8.813306413090707947e-01,7.869078997215689375e-01
1.630115057528764453e+02,8.812902574009977563e-01,7.855579640046270740e-01
1.630515257628814538e+02,8.812496493047901058e-01,7.841940068730720581e-01
1.630915457728864340e+02,8.812088114834927266e-01,7.828159527784297467e-01
1.631315657828914425e+02,8.811677382769815825e-01,7.814237270140339531e-01
1.631715857928964510e+02,8.811264238995997200e-01,7.800172557400107953e-01
1.632116058029014596e+02,8.810848624377545235e-01,7.785964660084024880e-01
1.632516258129064681e+02,8.810430478474817750e-01,7.771612857884445669e-01
1.632916458229114482e+02,8.810009739519717442e-01,7.757116439919836681e-01
1.633316658329164568e+02,8.809586344390597512e-01,7.742474704990274237e-01
1.633716858429214653e+02,8.809160228586802033e-01,7.727686961834377977e-01
1.634117058529264739e+02,8.808731326202825507e-01,7.712752529387389977e-01
1.634517258629314540e+02,8.808299569902117154e-01,7.697670737040558375e-01
1.634917458729364625e+02,8.807864890890493292e-01,7.682440924901595691e-01
1.635317658829414711e+02,8.807427218889184450e-01,7.667062444056376158e-01
1.635717858929464796e+02,8.806986482107503900e-01,7.651534656831572301e-01
1.636118059029514598e+02,8.806542607215119833e-01,7.635856937058350669e-01
1.636518259129564683e+02,8.806095519313965614e-01,7.620028670336953525e-01
1.636918459229614768e+02,8.805645141909741458e-01,7.604049254302268634e-01
1.637318659329664854e+02,8.805191396883051969e-01,7.587918098890110707e-01
1.637718859429714939e+02,8.804734204460124003e-01,7.571634626604325513e-01
1.638119059529764741e+02,8.804273483183163718e-01,7.555198272784598990e-01
1.638519259629814826e+02,8.803809149880295060e-01,7.538608485874838117e-01
1.638919459729864911e+02,8.803341119635116341e-01,7.521864727692252339e-01
1.639319659829914997e+02,8.802869305755856022e-01,7.504966473696835783e-01
1.639719859929965082e+02,8.802393619744124376e-01,7.487913213261333523e-01
1.640120060030014884e+02,8.801913971263276570e-01,7.470704449941613090e-01
1.640520260130064969e+02,8.801430268106360533e-01,7.453339701747264678e-01
1.640920460230115054e+02,8.800942416163669568e-01,7.435818501412583270e-01
1.641320660330165140e+02,8.800450319389893084e-01,7.418140396667596281e-01
1.641720860430215225e+02,8.799953879770852083e-01,7.400304950509251078e-01
1.642121060530265027e+02,8.799452997289843870e-01,7.382311741472650235e-01
1.642521260630315112e+02,8.798947569893557086e-01,7.364160363902165773e-01
1.642921460730365197e+02,8.798437493457612613e-01,7.345850428222581163e-01
1.643321660830415283e+02,8.797922661751654827e-01,7.327381561209912464e-01
1.643721860930465368e+02,8.797402966404076485e-01,7.308753406262038510e-01
1.644122061030515169e+02,8.796878296866301739e-01,7.289965623668981376e-01
1.644522261130565255e+02,8.796348540376672798e-01,7.271017890882724988e-01
1.644922461230615340e+02,8.795813581923941360e-01,7.251909902786659590e-01
1.645322661330665426e+02,8.795273304210321497e-01,7.232641371964331212e-01
1.645722861430715227e+02,8.794727587614159514e-01,7.213212028967626033e-01
1.646123061530765312e+02,8.794176310152185261e-01,7.193621622584136510e-01
1.646523261630815398e+02,8.793619347441352652e-01,7.173869920103856934e-01
1.646923461730865483e+02,8.793056572660288284e-01,7.153956707584873120e-01
1.647323661830915569e+02,8.792487856510310396e-01,7.133881790118110633e-01
1.647723861930965370e+02,8.791913067176067020e-01,7.113644992091068264e-01
1.648124062031015455e+02,8.791332070285755584e-01,7.093246157450320277e-01
1.648524262131065541e+02,8.790744728870947267e-01,7.072685149962941731e-01
1.648924462231115626e+02,8.790150903326003906e-01,7.051961853476494957e-01
1.649324662331165428e+02,8.789550451367110773e-01,7.031076172177708195e-01
1.649724862431215513e+02,8.788943227990891893e-01,7.010028030849582148e-01
1.650125062531265598e+02,8.788329085432649013e-01,6.988817375127086562e-01
1.650525262631315684e+02,8.787707873124201985e-01,6.967444171751069337e-01
1.650925462731365769e+02,8.787079437651332814e-01,6.945908408820481439e-01
1.651325662831415571e+02,8.786443622710858881e-01,6.924210096042801021e-01
1.651725862931465656e+02,8.785800269067306489e-01,6.902349264982449162e-01
1.652126063031515741e+02,8.785149214509208049e-01,6.880325969307368172e-01
1.652526263131565827e+02,8.784490293805037320e-01,6.858140285033359485e-01
1.652926463231615912e+02,8.783823338658742763e-01,6.835792310766302116e-01
1.653326663331665713e+02,8.783148177664940048e-01,6.813282167942124046e-01
1.653726863431715799e+02,8.782464636263717095e-01,6.790610001064312229e-01
1.654127063531765884e+02,8.781772536695096054e-01,6.767775977939156640e-01
1.654527263631815970e+02,8.781071697953122257e-01,6.744780289908269832e-01
1.654927463731866055e+02,8.780361935739614543e-01,6.721623152078567420e-01
1.655327663831915856e+02,8.779643062417561428e-01,6.698304803549531838e-01
1.655727863931965942e+02,8.778914886964180875e-01,6.674825507637566213e-01
1.656128064032016027e+02,8.778177214923641447e-01,6.651185552097623743e-01
1.656528264132066113e+02,8.777429848359450393e-01,6.627385249341655182e-01
1.656928464232116198e+02,8.776672585806533089e-01,6.603424936654080923e-01
1.657328664332165999e+02,8.775905222222969426e-01,6.579304976404046768e-01
1.657728864432216085e+02,8.775127548941444866e-01,6.555025756254357905e-01
1.658129064532266170e+02,8.774339353620387305e-01,6.530587689367204351e-01
1.658529264632316256e+02,8.773540420194798628e-01,6.505991214606251516e-01
1.658929464732366057e+02,8.772730528826822027e-01,6.481236796735315719e-01
1.659329664832416142e+02,8.771909455855991800e-01,6.456324926613271620e-01
1.659729864932466228e+02,8.771076973749253325e-01,6.431256121385420244e-01
1.660130065032516313e+02,8.770232851050676626e-01,6.406030924670860216e-01
1.660530265132566399e+02,8.769376852330944550e-01,6.380649906746035382e-01
1.660930465232616200e+02,8.768508738136581160e-01,6.355113664724285627e-01
1.661330665332666285e+02,8.767628264938936988e-01,6.329422822731212150e-01
1.661730865432716371e+02,8.766735185082964454e-01,6.303578032076048165e-01
1.662131065532766456e+02,8.765829246735754587e-01,6.277579971418572047e-01
1.662531265632816257e+02,8.764910193834883900e-01,6.251429346931781650e-01
1.662931465732866343e+02,8.763977766036544770e-01,6.225126892460000061e-01
1.663331665832916428e+02,8.763031698663508173e-01,6.198673369672631495e-01
1.663731865932966514e+02,8.762071722652907679e-01,6.172069568213112145e-01
1.664132066033016599e+02,8.761097564503842472e-01,6.145316305843244731e-01
1.664532266133066400e+02,8.760108946224857140e-01,6.118414428582730213e-01
1.664932466233116486e+02,8.759105585281256046e-01,6.091364810843722388e-01
1.665332666333166571e+02,8.758087194542309994e-01,6.064168355560608514e-01
1.665732866433216657e+02,8.757053482228338570e-01,6.036825994314540811e-01
1.666133066533266742e+02,8.756004151857698092e-01,6.009338687452931982e-01
1.666533266633316543e+02,8.754938902193676320e-01,5.981707424203719370e-01
1.666933466733366629e+02,8.753857427191323870e-01,5.953933222784244528e-01
1.667333666833416714e+02,8.752759415944220134e-01,5.926017130504936947e-01
1.667733866933466800e+02,8.751644552631198115e-01,5.897960223867324547e-01
1.668134067033516885e+02,8.750512516463042623e-01,5.869763608656626275e-01
1.668534267133566686e+02,8.749362981629174030e-01,5.841428420028691448e-01
1.668934467233616772e+02,8.748195617244334255e-01,5.812955822591159283e-01
1.669334667333666857e+02,8.747010087295298275e-01,5.784347010479029549e-01
1.669734867433716943e+02,8.745806050587612290e-01,5.755603207424186962e-01
1.670135067533767028e+02,8.744583160692396273e-01,5.726725666819090232e-01
1.670535267633816829e+02,8.743341065893204256e-01,5.697715671774463697e-01
1.670935467733866915e+02,8.742079409132986756e-01,5.668574535170820550e-01
1.671335667833917000e+02,8.740797827961148680e-01,5.639303599704021952e-01
1.671735867933967086e+02,8.739495954480741569e-01,5.609904237924454584e-01
1.672136068034016887e+02,8.738173415295791280e-01,5.580377852270006489e-01
1.672536268134066972e+02,8.736829831458791107e-01,5.550725875092601402e-01
1.672936468234117058e+02,8.735464818418394728e-01,5.520949768678510283e-01
1.673336668334167143e+02,8.734077985967280133e-01,5.491051025261970420e-01
1.673736868434216944e+02,8.732668938190271124e-01,5.461031167032395217e-01
1.674137068534267030e+02,8.731237273412678634e-01,5.430891746134847153e-01
1.674537268634317115e+02,8.729782584148922941e-01,5.400634344664058117e-01
1.674937468734367201e+02,8.728304457051446752e-01,5.370260574651517516e-01
1.675337668834417286e+02,8.726802472859914728e-01,5.339772078045874615e-01
1.675737868934467087e+02,8.725276206350782715e-01,5.309170526686520786e-01
1.676138069034517173e+02,8.723725226287183387e-01,5.278457622270160687e-01
1.676538269134567258e+02,8.722149095369226002e-01,5.247635096310663272e-01
1.676938469234617344e+02,8.720547370184674740e-01,5.216704710091706332e-01
1.677338669334667429e+02,8.718919601160064481e-01,5.185668254612483263e-01
1.677738869434717230e+02,8.717265332512266207e-01,5.154527550526322166e-01
1.678139069534767316e+02,8.715584102200527594e-01,5.123284448072069619e-01
1.678539269634817401e+02,8.713875441879019856e-01,5.091940826998515579e-01
1.678939469734867487e+02,8.712138876849903069e-01,5.060498596481366462e-01
1.679339669834917572e+02,8.710373926016958812e-01,5.028959695033102806e-01
1.679739869934967373e+02,8.708580101839786813e-01,4.997326090405504462e-01
1.680140070035017459e+02,8.706756910288614426e-01,4.965599779484767828e-01
1.680540270135067544e+02,8.704903850799756704e-01,4.933782788179465473e-01
1.680940470235117630e+02,8.703020416231707079e-01,4.901877171300889069e-01
1.681340670335167715e+02,8.701106092821946358e-01,4.869885012436082627e-01
1.681740870435217516e+02,8.699160360144452264e-01,4.837808423813423353e-01
1.682141070535267602e+02,8.697182691067965044e-01,4.805649546160612462e-01
1.682541270635317687e+02,8.695172551715022458e-01,4.773410548555388488e-01
1.682941470735367773e+02,8.693129401421814118e-01,4.741093628268497340e-01
1.683341670835417858e+02,8.691052692698852944e-01,4.708701010599232739e-01
1.683741870935467659e+02,8.688941871192524813e-01,4.676234948703416605e-01
1.684142071035517745e+02,8.686796375647531931e-01,4.643697723413701128e-01
1.684542271135567830e+02,8.684615637870261029e-01,4.611091643052507849e-01
1.684942471235617916e+02,8.682399082693121883e-01,4.578419043237146324e-01
1.685342671335667717e+02,8.680146127939855072e-01,4.545682286677471540e-01
1.685742871435717802e+02,8.677856184391878891e-01,4.512883762965792522e-01
1.686143071535767888e+02,8.675528655755690988e-01,4.480025888359401298e-01
1.686543271635817973e+02,8.673162938631345797e-01,4.447111105555263677e-01
1.686943471735867774e+02,8.670758422482068850e-01,4.414141883457239901e-01
1.687343671835917860e+02,8.668314489605000173e-01,4.381120716935547055e-01
1.687743871935967945e+02,8.665830515103155607e-01,4.348050126578881791e-01
1.688144072036018031e+02,8.663305866858586057e-01,4.314932658438694335e-01
1.688544272136068116e+02,8.660739905506797953e-01,4.281770883766016222e-01
1.688944472236117917e+02,8.658131984412471560e-01,4.248567398740712986e-01
1.689344672336168003e+02,8.655481449646482695e-01,4.215324824193083519e-01
1.689744872436218088e+02,8.652787639964318878e-01,4.182045805318150844e-01
1.690145072536268174e+02,8.650049886785851072e-01,4.148733011382215730e-01
1.690545272636318259e+02,8.647267514176562031e-01,4.115389135422045652e-01
1.690945472736368060e+02,8.644439838830232370e-01,4.082016893936592505e-01
1.691345672836418146e+02,8.641566170053118778e-01,4.048619026571178003e-01
1.691745872936468231e+02,8.638645809749694315e-01,4.015198295794504268e-01
1.692146073036518317e+02,8.635678052409935246e-01,3.981757486568063276e-01
1.692546273136568402e+02,8.632662185098237684e-01,3.948299406008347057e-01
1.692946473236618203e+02,8.629597487443975146e-01,3.914826883041744310e-01
1.693346673336668289e+02,8.626483231633736981e-01,3.881342768052094550e-01
1.693746873436718374e+02,8.623318682405297642e-01,3.847849932521256178e-01
1.694147073536768460e+02,8.620103097043342322e-01,3.814351268662284355e-01
1.694547273636818545e+02,8.616835725376980060e-01,3.780849689045617246e-01
1.694947473736868346e+02,8.613515809779100918e-01,3.747348126218208453e-01
1.695347673836918432e+02,8.610142585167601670e-01,3.713849532315521840e-01
1.695747873936968517e+02,8.606715279008522179e-01,3.680356878666830589e-01
1.696148074037018603e+02,8.603233111321128002e-01,3.646873155393385302e-01
1.696548274137068404e+02,8.599695294684976954e-01,3.613401370999886897e-01
1.696948474237118489e+02,8.596101034249001849e-01,3.579944551959075572e-01
1.697348674337168575e+02,8.592449527742683779e-01,3.546505742289840502e-01
1.697748874437218660e+02,8.588739965489282646e-01,3.513088003128471692e-01
1.698149074537268746e+02,8.584971530421239283e-01,3.479694412293481420e-01
1.698549274637318547e+02,8.581143398097736963e-01,3.446328063843931977e-01
1.698949474737368632e+02,8.577254736724477802e-01,3.412992067631256399e-01
1.699349674837418718e+02,8.573304707175716244e-01,3.379689548844971858e-01
1.699749874937468803e+02,8.569292463018587380e-01,3.346423647551931557e-01
1.700150075037518604e+02,8.565217150539747859e-01,3.313197518229543670e-01
1.700550275137568690e+02,8.561077908774382683e-01,3.280014329292786357e-01
1.700950475237618775e+02,8.556873869537651167e-01,3.246877262615472937e-01
1.701350675337668861e+02,8.552604157458520984e-01,3.213789513045375301e-01
1.701750875437718946e+02,8.548267890016127968e-01,3.180754287913697409e-01
1.702151075537768747e+02,8.543864177578622821e-01,3.147774806538807812e-01
1.702551275637818833e+02,8.539392123444576876e-01,3.114854299724277853e-01
1.702951475737868918e+02,8.534850823887003557e-01,3.081996009251649626e-01
1.703351675837919004e+02,8.530239368199973304e-01,3.049203187367549583e-01
1.703751875937969089e+02,8.525556838747917476e-01,3.016479096265650695e-01
1.704152076038018890e+02,8.520802311017623420e-01,2.983827007563421008e-01
1.704552276138068976e+02,8.515974853672962919e-01,2.951250201773710780e-01
1.704952476238119061e+02,8.511073528612413952e-01,2.918751967771574529e-01
1.705352676338169147e+02,8.506097391029375787e-01,2.886335602256031585e-01
1.705752876438219232e+02,8.501045489475322903e-01,2.854004409207195891e-01
1.706153076538269033e+02,8.495916865925865480e-01,2.821761699338806162e-01
1.706553276638319119e+02,8.490710555849685370e-01,2.789610789546128622e-01
1.706953476738369204e+02,8.485425588280466336e-01,2.757555002349723061e-01
1.707353676838419290e+02,8.480060985891771930e-01,2.725597665334741349e-01
1.707753876938469375e+02,8.474615765074954288e-01,2.693742110586204719e-01
1.708154077038519176e+02,8.469088936020116032e-01,2.661991674120298690e-01
1.708554277138569262e+02,8.463479502800131948e-01,2.630349695311691161e-01
1.708954477238619347e+02,8.457786463457825921e-01,2.598819516317347755e-01
1.709354677338669433e+02,8.452008810096259817e-01,2.567404481496526891e-01
1.709754877438719234e+02,8.446145528972207606e-01,2.536107936827446396e-01
1.710155077538769319e+02,8.440195600592835801e-01,2.504933229320510657e-01
1.710555277638819405e+02,8.434157999815642404e-01,2.473883706428556817e-01
1.710955477738869490e+02,8.428031695951634372e-01,2.442962715453862454e-01
1.711355677838919291e+02,8.421815652871820213e-01,2.412173602952376594e-01
1.711755877938969377e+02,8.415508829117002154e-01,2.381519714135064136e-01
1.712156078039019462e+02,8.409110178010972270e-01,2.351004392266879961e-01
1.712556278139069548e+02,8.402618647777024830e-01,2.320630978063052963e-01
1.712956478239119633e+02,8.396033181657917011e-01,2.290402809083166291e-01
1.713356678339169434e+02,8.389352718039242429e-01,2.260323219123099303e-01
1.713756878439219520e+02,8.382576190576247477e-01,2.230395537604834555e-01
1.714157078539269605e+02,8.375702528324175944e-01,2.200623088964644980e-01
1.714557278639319691e+02,8.368730655872046453e-01,2.171009192039349278e-01
1.714957478739369776e+02,8.361659493480014804e-01,2.141557159451155101e-01
1.715357678839419577e+02,8.354487957220240180e-01,2.112270296991092255e-01
1.715757878939469663e+02,8.347214959121334044e-01,2.083151903001140282e-01
1.716158079039519748e+02,8.339839407316407272e-01,2.054205267755468967e-01
1.716558279139569834e+02,8.332360206194701080e-01,2.025433672840589727e-01
1.716958479239619919e+02,8.324776256556847276e-01,1.996840390534847520e-01
1.717358679339669720e+02,8.317086455773777809e-01,1.968428683187333217e-01
1.717758879439719806e+02,8.309289697949260312e-01,1.940201802596278613e-01
1.718159079539769891e+02,8.301384874086147336e-01,1.912162989387389267e-01
1.718559279639819977e+02,8.293370872256279336e-01,1.884315472391887569e-01
1.718959479739870062e+02,8.285246577774081356e-01,1.856662468024731227e-01
1.719359679839919863e+02,8.277010873373895627e-01,1.829207179663063787e-01
1.719759879939969949e+02,8.268662639390979008e-01,1.801952797024986008e-01
1.720160080040020034e+02,8.260200753946307373e-01,1.774902495549077752e-01
1.720560280140070120e+02,8.251624093135048188e-01,1.748059435774480530e-01
1.720960480240120205e+02,8.242931531218803398e-01,1.721426762721981474e-01
1.721360680340170006e+02,8.234121940821608199e-01,1.695007605276170892e-01
1.721760880440220092e+02,8.225194193129646836e-01,1.668805075568756680e-01
1.722161080540270177e+02,8.216147158094793124e-01,1.642822268363475224e-01
1.722561280640319978e+02,8.206979704641854667e-01,1.617062260442427846e-01
1.722961480740370348e+02,8.197690700879558534e-01,1.591528109994143625e-01
1.723361680840420149e+02,8.188279014315412718e-01,1.566222856003843811e-01
1.723761880940470235e+02,8.178743512074144739e-01,1.541149517645342693e-01
1.724162081040520320e+02,8.169083061120072653e-01,1.516311093675668520e-01
1.724562281140570121e+02,8.159296528483117594e-01,1.491710561831833814e-01
1.724962481240620207e+02,8.149382781488571093e-01,1.467350878230233580e-01
1.725362681340670292e+02,8.139340687990664902e-01,1.443234976768973388e-01
1.725762881440720378e+02,8.129169116609785695e-01,1.419365768532946381e-01
1.726163081540770463e+02,8.118866936973463400e-01,1.395746141202118817e-01
1.726563281640820264e+02,8.108433019961046595e-01,1.372378958463081888e-01
1.726963481740870350e+02,8.097866237952044965e-01,1.349267059423957527e-01
1.727363681840920435e+02,8.087165465078217652e-01,1.326413258033083409e-01
1.727763881940970521e+02,8.076329577479253174e-01,1.303820342501309515e-01
1.728164082041020606e+02,8.065357453562133072e-01,1.281491074728307034e-01
1.728564282141070407e+02,8.054247974264104881e-01,1.259428189732989534e-01
1.728964482241120493e+02,8.043000023319246683e-01,1.237634395088121897e-01
1.729364682341170578e+02,8.031612487528655420e-01,1.216112370359517802e-01
1.729764882441220664e+02,8.020084257034147956e-01,1.194864766549670332e-01
1.730165082541270749e+02,8.008414225595504865e-01,1.173894205546227587e-01
1.730565282641320550e+02,7.996601290871232504e-01,1.153203279575371054e-01
1.730965482741370636e+02,7.984644354702754576e-01,1.132794550660204402e-01
1.731365682841420721e+02,7.972542323402118658e-01,1.112670550084513543e-01
1.731765882941470807e+02,7.960294108043046712e-01,1.092833777861788036e-01
1.732166083041520892e+02,7.947898624755391772e-01,1.073286702209833576e-01
1.732566283141570693e+02,7.935354795022930841e-01,1.054031759031116566e-01
1.732966483241620779e+02,7.922661545984428511e-01,1.035071351398862971e-01
1.733366683341670864e+02,7.909817810738032362e-01,1.016407849049327794e-01
1.733766883441720950e+02,7.896822528648821393e-01,9.980435878800542060e-02
1.734167083541771035e+02,7.883674645659557445e-01,9.799808694545319998e-02
1.734567283641820836e+02,7.870373114604580778e-01,9.622219605132831255e-02
1.734967483741870922e+02,7.856916895526733224e-01,9.447690924914975419e-02
1.735367683841921007e+02,7.843304955997432160e-01,9.276244610435202542e-02
1.735767883941970808e+02,7.829536271439615502e-01,9.107902255741173736e-02
1.736168084042021178e+02,7.815609825453643245e-01,8.942685087767454633e-02
1.736568284142070979e+02,7.801524610146202132e-01,8.780613961791683408e-02
1.736968484242121065e+02,7.787279626461797166e-01,8.621709356960594040e-02
1.737368684342171150e+02,7.772873884517261800e-01,8.465991371893444306e-02
1.737768884442220951e+02,7.758306403938812768e-01,8.313479720359140401e-02
1.738169084542271037e+02,7.743576214201776109e-01,8.164193727030588654e-02
1.738569284642321122e+02,7.728682354972974400e-01,8.018152323318061825e-02
1.738969484742371208e+02,7.713623876455533157e-01,7.875374043281091474e-02
1.739369684842421293e+02,7.698399839736193018e-01,7.735877019621495432e-02
1.739769884942471094e+02,7.683009317134994465e-01,7.599678979758317521e-02
1.740170085042521180e+02,7.667451392557229628e-01,7.466797241985367872e-02
1.740570285142571265e+02,7.651725161847731105e-01,7.337248711714083882e-02
1.740970485242621351e+02,7.635829733147225795e-01,7.211049877800634889e-02
1.741370685342671436e+02,7.619764227250813704e-01,7.088216808960290383e-02
1.741770885442721237e+02,7.603527777968482892e-01,6.968765150269107256e-02
1.742171085542771323e+02,7.587119532487468510e-01,6.852710119754090723e-02
1.742571285642821408e+02,7.570538651736592461e-01,6.740066505073782910e-02
1.742971485742871494e+02,7.553784310752247322e-01,6.630848660288812813e-02
1.743371685842921579e+02,7.536855699046109969e-01,6.525070502724539256e-02
1.743771885942971380e+02,7.519752020974463935e-01,6.422745509926353069e-02
1.744172086043021466e+02,7.502472496108939515e-01,6.323886716708349010e-02
1.744572286143071551e+02,7.485016359608804848e-01,6.228506712296977277e-02
1.744972486243121637e+02,7.467382862594451609e-01,6.136617637569652395e-02
1.745372686343171722e+02,7.449571272522157450e-01,6.048231182389784966e-02
1.745772886443221523e+02,7.431580873559986422e-01,5.963358583038858018e-02
1.746173086543271609e+02,7.413410966964648630e-01,5.882010619746191882e-02
1.746573286643321694e+02,7.395060871459426810e-01,5.804197614317740950e-02
1.746973486743371780e+02,7.376529923612794581e-01,5.729929427863711400e-02
1.747373686843421865e+02,7.357817478217835161e-01,5.659215458626576378e-02
1.747773886943471666e+02,7.338922908672267376e-01,5.592064639909644086e-02
1.748174087043521752e+02,7.319845607358939077e-01,5.528485438106833794e-02
1.748574287143571837e+02,7.300584986026851242e-01,5.468485850834892137e-02
1.748974487243621638e+02,7.281140476172351939e-01,5.412073405167650009e-02
1.749374687343671724e+02,7.261511529420530131e-01,5.359255155973419171e-02
1.749774887443721809e+02,7.241697617906803774e-01,5.310037684356327947e-02
1.750175087543771895e+02,7.221698234658310289e-01,5.264427096201340639e-02
1.750575287643821980e+02,7.201512893975245966e-01,5.222429020824015389e-02
1.750975487743871781e+02,7.181141131811891176e-01,5.184048609725111501e-02
1.751375687843921867e+02,7.160582506157207039e-01,5.149290535450523620e-02
1.751775887943971952e+02,7.139836597415033514e-01,5.118158990557042376e-02
1.752176088044022038e+02,7.118903008783528108e-01,5.090657686683919270e-02
1.752576288144072123e+02,7.097781366633910682e-01,5.066789853730835347e-02
1.752976488244121924e+02,7.076471320888326755e-01,5.046558239142362456e-02
1.753376688344172010e+02,7.054972545396633876e-01,5.029965107299205762e-02
1.753776888444222095e+02,7.033284738312188811e-01,5.017012239016471753e-02
1.754177088544272181e+02,7.011407622466244716e-01,5.007700931148928447e-02
1.754577288644322266e+02,6.989340945741000510e-01,5.002031996303557548e-02
1.754977488744372067e+02,6.967084481441159216e-01,5.000005762659454067e-02
1.755377688844422153e+02,6.944638028663729923e-01,5.001622073895040099e-02
1.755777888944472238e+02,6.922001412666199949e-01,5.006880289222748193e-02
1.756178089044522324e+02,6.899174485232650866e-01,5.015779283531052180e-02
1.756578289144572409e+02,6.876157125037861695e-01,5.028317447633812165e-02
1.756978489244622210e+02,6.852949238009250488e-01,5.044492688627000287e-02
1.757378689344672296e+02,6.829550757686385642e-01,5.064302430352474182e-02
1.757778889444722381e+02,6.805961645578200159e-01,5.087743613968820355e-02
1.758179089544772467e+02,6.782181891517435890e-01,5.114812698628967702e-02
1.758579289644822552e+02,6.758211514012419929e-01,5.145505662264537872e-02
1.758979489744872353e+02,6.734050560595967738e-01,5.179818002476477279e-02
1.759379689844922439e+02,6.709699108171153226e-01,5.217744737531926358e-02
1.759779889944972524e+02,6.685157263354108981e-01,5.259280407466659923e-02
1.760180090045022325e+02,6.660425162813333744e-01,5.304419075293187458e-02
1.760580290145072695e+02,6.635502973605550414e-01,5.353154328314024823e-02
1.760980490245122496e+02,6.610390893508220067e-01,5.405479279539071591e-02
1.761380690345172582e+02,6.585089151347874870e-01,5.461386569208226405e-02
1.761780890445222667e+02,6.559598007325017077e-01,5.520868366416664674e-02
1.762181090545272468e+02,6.533917753334712586e-01,5.583916370844155264e-02
1.762581290645322554e+02,6.508048713283041131e-01,5.650521814586928482e-02
1.762981490745372639e+02,6.481991243399372049e-01,5.720675464091384832e-02
1.763381690845422725e+02,6.455745732544015958e-01,5.794367622189788847e-02
1.763781890945472810e+02,6.429312602511347841e-01,5.871588130236671255e-02
1.764182091045522611e+02,6.402692308328170601e-01,5.952326370345550899e-02
1.764582291145572697e+02,6.375885338547098158e-01,6.036571267725421297e-02
1.764982491245622782e+02,6.348892215535070216e-01,6.124311293115669574e-02
1.765382691345672868e+02,6.321713495756499102e-01,6.215534465319594304e-02
1.765782891445722953e+02,6.294349770051157478e-01,6.310228353834979043e-02
1.766183091545772754e+02,6.266801663906611530e-01,6.408380081581277476e-02
1.766583291645822840e+02,6.239069837724903200e-01,6.509976327722710732e-02
1.766983491745872925e+02,6.211154987083680190e-01,6.615003330585578212e-02
1.767383691845923011e+02,6.183057842991207531e-01,6.723446890670203846e-02
1.767783891945973096e+02,6.154779172135418364e-01,6.835292373755508244e-02
1.768184092046022897e+02,6.126319777126774113e-01,6.950524714095640544e-02
1.768584292146072983e+02,6.097680496734663169e-01,7.069128417708103740e-02
1.768984492246123068e+02,6.068862206117547897e-01,7.191087565751141941e-02
1.769384692346173154e+02,6.039865817046246033e-01,7.316385817991011287e-02
1.769784892446223239e+02,6.010692278120590704e-01,7.445006416356791945e-02
1.770185092546273040e+02,5.981342574979142679e-01,7.576932188582163885e-02
1.770585292646323126e+02,5.951817730501791637e-01,7.712145551933313747e-02
1.770985492746373211e+02,5.922118805005370801e-01,7.850628517020785679e-02
1.771385692846423296e+02,5.892246896431736491e-01,7.992362691695586996e-02
1.771785892946473382e+02,5.862203140528523537e-01,8.137329285027250503e-02
1.772186093046523183e+02,5.831988711022291216e-01,8.285509111362987511e-02
1.772586293146573269e+02,5.801604819783856559e-01,8.436882594467265406e-02
1.772986493246623354e+02,5.771052716985993758e-01,8.591429771738989807e-02
1.773386693346673155e+02,5.740333691252946791e-01,8.749130298507035164e-02
1.773786893446723525e+02,5.709449069801822985e-01,8.909963452401903350e-02
1.774187093546773326e+02,5.678400218576065139e-01,9.073908137800534845e-02
1.774587293646823412e+02,5.647188542370032982e-01,9.240942890347447758e-02
1.774987493746873497e+02,5.615815484945617664e-01,9.411045881544921610e-02
1.775387693846923298e+02,5.584282529139946716e-01,9.584194923415800815e-02
1.775787893946973384e+02,5.552591196964367093e-01,9.760367473235365132e-02
1.776188094047023469e+02,5.520743049694778470e-01,9.939540638330157662e-02
1.776588294147073555e+02,5.488739687952782775e-01,1.012169118094429221e-01
1.776988494247123640e+02,5.456582751777870888e-01,1.030679552317039782e-01
1.777388694347173441e+02,5.424273920690410034e-01,1.049482975194397927e-01
1.777788894447223527e+02,5.391814913745214266e-01,1.068576962410054954e-01
1.778189094547273612e+02,5.359207489575937844e-01,1.087959057149199271e-01
1.778589294647323698e+02,5.326453446429718630e-01,1.107626770616344514e-01
1.778989494747373783e+02,5.293554622192311321e-01,1.127577582558685343e-01
1.779389694847423584e+02,5.260512894403510664e-01,1.147808941795078752e-01
1.779789894947473670e+02,5.227330180262613757e-01,1.168318266750517642e-01
1.780190095047523755e+02,5.194008436624224512e-01,1.189102945995772487e-01
1.780590295147573840e+02,5.160549659983786341e-01,1.210160338792287682e-01
1.780990495247623926e+02,5.126955886453143929e-01,1.231487775641997295e-01
1.781390695347673727e+02,5.093229191725909821e-01,1.253082558841935867e-01
1.781790895447723813e+02,5.059371691032421570e-01,1.274941963043594306e-01
1.782191095547773898e+02,5.025385539084594733e-01,1.297063235816594551e-01
1.782591295647823983e+02,4.991272930010077213e-01,1.319443598216859526e-01
1.782991495747874069e+02,4.957036097276010800e-01,1.342080245358857615e-01
1.783391695847923870e+02,4.922677313602200622e-01,1.364970346991852823e-01
1.783791895947973956e+02,4.888198890863493240e-01,1.388111048080065135e-01
1.784192096048024041e+02,4.853603179981664795e-01,1.411499469386334749e-01
1.784592296148074126e+02,4.818892570806270204e-01,1.435132708059451145e-01
1.784992496248124212e+02,4.784069491984748179e-01,1.459007838224731790e-01
1.785392696348174013e+02,4.749136410821609977e-01,1.483121911577773844e-01
1.785792896448224099e+02,4.714095833126529800e-01,1.507471957981272315e-01
1.786193096548274184e+02,4.678950303051654380e-01,1.532054986064509405e-01
1.786593296648323985e+02,4.643702402917615490e-01,1.556867983825659385e-01
1.786993496748374071e+02,4.608354753028418571e-01,1.581907919236573701e-01
1.787393696848424156e+02,4.572910011475396774e-01,1.607171740849739905e-01
1.787793896948474242e+02,4.537370873929718051e-01,1.632656378407567610e-01
1.788194097048524327e+02,4.501740073423772248e-01,1.658358743453566264e-01
1.788594297148574128e+02,4.466020380121306643e-01,1.684275729945340361e-01
1.788994497248624214e+02,4.430214601076132297e-01,1.710404214869311046e-01
1.789394697348674299e+02,4.394325579979771468e-01,1.736741058856746678e-01
1.789794897448724385e+02,4.358356196897520962e-01,1.763283106801264433e-01
1.790195097548774470e+02,4.322309367993282248e-01,1.790027188477388842e-01
1.790595297648824271e+02,4.286188045243040645e-01,1.816970119160072894e-01
1.790995497748874357e+02,4.249995216136832621e-01,1.844108700245121746e-01
1.791395697848924442e+02,4.213733903369610845e-01,1.871439719870044982e-01
1.791795897948974527e+02,4.177407164520460792e-01,1.898959953535577228e-01
1.792196098049024613e+02,4.141018091720591321e-01,1.926666164727399710e-01
1.792596298149074414e+02,4.104569811309953797e-01,1.954555105537986170e-01
1.792996498249124500e+02,4.068065483482378175e-01,1.982623517288518711e-01
1.793396698349174585e+02,4.031508301919647930e-01,2.010868131150413962e-01
1.793796898449224670e+02,3.994901493413983706e-01,2.039285668766669390e-01
1.794197098549274756e+02,3.958248317479385325e-01,2.067872842872595651e-01
1.794597298649324557e+02,3.921552065951696697e-01,2.096626357915861716e-01
1.794997498749374643e+02,3.884816062577323148e-01,2.125542910675779495e-01
1.795397698849424728e+02,3.848043662591013048e-01,2.154619190881384982e-01
1.795797898949474813e+02,3.811238252282232453e-01,2.183851881828549057e-01
1.796198099049524899e+02,3.774403248550562417e-01,2.213237660995659439e-01
1.796598299149574700e+02,3.737542098450036820e-01,2.242773200657807164e-01
1.796998499249624786e+02,3.700658278722365746e-01,2.272455168499445399e-01
1.797398699349674871e+02,3.663755295319455207e-01,2.302280228225036529e-01
1.797798899449724956e+02,3.626836682914801324e-01,2.332245040167955086e-01
1.798199099549775042e+02,3.589906004404194162e-01,2.362346261897185773e-01
1.798599299649824843e+02,3.552966850395682386e-01,2.392580548821758857e-01
1.798999499749874929e+02,3.516022838688738217e-01,2.422944554792900718e-01
1.799399699849925014e+02,3.479077613743101205e-01,2.453434932703401072e-01
1.799799899949974815e+02,3.442134846136875037e-01,2.484048335084482195e-01
1.800200100050024901e+02,3.405198232014214899e-01,2.514781414699825968e-01
1.800600300150074986e+02,3.368271492522930677e-01,2.545630825136407926e-01
1.801000500250125071e+02,3.331358373241593007e-01,2.576593221392425859e-01
1.801400700350175157e+02,3.294462643596657303e-01,2.607665260461843326e-01
1.801800900450224958e+02,3.257588096269562472e-01,2.638843601915530357e-01
1.802201100550275044e+02,3.220738546593785445e-01,2.670124908478956893e-01
1.802601300650325129e+02,3.183917831942372212e-01,2.701505846605992689e-01
1.803001500750375214e+02,3.147129811105516817e-01,2.732983087049113413e-01
1.803401700850425300e+02,3.110378363658734546e-01,2.764553305425547780e-01
1.803801900950475101e+02,3.073667389321580456e-01,2.796213182779345718e-01
1.804202101050525187e+02,3.037000807306962091e-01,2.827959406139364251e-01
1.804602301150575272e+02,3.000382555661545991e-01,2.859788669072692580e-01
1.805002501250625357e+02,2.963816590596856093e-01,2.891697672233858318e-01
1.805402701350675443e+02,2.927306885811661319e-01,2.923683123909337489e-01
1.805802901450725244e+02,2.890857431805591293e-01,2.955741740557386033e-01
1.806203101550775330e+02,2.854472235184056794e-01,2.987870247343158425e-01
1.806603301650825415e+02,2.818155317955001182e-01,3.020065378668692624e-01
1.807003501750875500e+02,2.781910716817117546e-01,3.052323878698072201e-01
1.807403701850925586e+02,2.745742482440088894e-01,3.084642501877323806e-01
1.807803901950975387e+02,2.709654678736891364e-01,3.117018013449078806e-01
1.808204102051025473e+02,2.673651382128200416e-01,3.149447189961958049e-01
1.808604302151075558e+02,2.637736680799450673e-01,3.181926819774281157e-01
1.809004502251125643e+02,2.601914673950228574e-01,3.214453703552428987e-01
1.809404702351175729e+02,2.566189471036556258e-01,3.247024654763425167e-01
1.809804902451225530e+02,2.530565191006125536e-01,3.279636500161750012e-01
1.810205102551275615e+02,2.495045961526537459e-01,3.312286080270415711e-01
1.810605302651325701e+02,2.459635918207138117e-01,3.344970249855849787e-01
1.811005502751375502e+02,2.424339203814136479e-01,3.377685878396959884e-01
1.811405702851425872e+02,2.389159967479439484e-01,3.410429850548075681e-01
1.811805902951475673e+02,2.354102363903785022e-01,3.443199066595338254e-01
1.812206103051525758e+02,2.319170552553381226e-01,3.475990442907376243e-01
1.812606303151575844e+02,2.284368696851514224e-01,3.508800912379015369e-01
1.813006503251625645e+02,2.249700963364347217e-01,3.541627424868891705e-01
1.813406703351675731e+02,2.215171520981497055e-01,3.574466947630504654e-01
1.813806903451725816e+02,2.180784540091843526e-01,3.607316465736463140e-01
1.814207103551775901e+02,2.146544191754286013e-01,3.640172982496289178e-01
1.814607303651825987e+02,2.112454646864065921e-01,3.673033519867373031e-01
1.815007503751875788e+02,2.078520075314748139e-01,3.705895118859106052e-01
1.815407703851925874e+02,2.044744645155975871e-01,3.738754839930287233e-01
1.815807903951975959e+02,2.011132521747585056e-01,3.771609763379347724e-01
1.816208104052026044e+02,1.977687866909839665e-01,3.804456989727834082e-01
1.816608304152076130e+02,1.944414838070384066e-01,3.837293640096733349e-01
1.817008504252125931e+02,1.911317587408022378e-01,3.870116856575708253e-01
1.817408704352176017e+02,1.878400260993469129e-01,3.902923802585295809e-01
1.817808904452226102e+02,1.845666997927649655e-01,3.935711663231704627e-01
1.818209104552276187e+02,1.813121929477334859e-01,3.968477645654584496e-01
1.818609304652326273e+02,1.780769178208705394e-01,4.001218979367429096e-01
1.819009504752376074e+02,1.748612857118990727e-01,4.033932916590641238e-01
1.819409704852426160e+02,1.716657068766307415e-01,4.066616732577376103e-01
1.819809904952476245e+02,1.684905904398299459e-01,4.099267725931758366e-01
1.820210105052526330e+02,1.653363443079378658e-01,4.131883218919909506e-01
1.820610305152576416e+02,1.622033750817164499e-01,4.164460557773415617e-01
1.821010505252626217e+02,1.590920879688273448e-01,4.196997112985314526e-01
1.821410705352676302e+02,1.560028866963597549e-01,4.229490279598699387e-01
1.821810905452726388e+02,1.529361734233668502e-01,4.261937477487567905e-01
1.822211105552776473e+02,1.498923486533934035e-01,4.294336151630361309e-01
1.822611305652826559e+02,1.468718111470539434e-01,4.326683772375825021e-01
1.823011505752876360e+02,1.438749578346764091e-01,4.358977835701298709e-01
1.823411705852926445e+02,1.409021837290269641e-01,4.391215863463537317e-01
1.823811905952976531e+02,1.379538818381756959e-01,4.423395403641698365e-01
1.824212106053026332e+02,1.350304430784886600e-01,4.455514030572939599e-01
1.824612306153076702e+02,1.321322561877910085e-01,4.487569345180431046e-01
1.825012506253126503e+02,1.292597076387590471e-01,4.519558975193408434e-01
1.825412706353176588e+02,1.264131815524884850e-01,4.551480575360191683e-01
1.825812906453226674e+02,1.235930596123662184e-01,4.583331827653026047e-01
1.826213106553276475e+02,1.207997209781910275e-01,4.615110441465653524e-01
1.826613306653326561e+02,1.180335422006044688e-01,4.646814153803271452e-01
1.827013506753376646e+02,1.152948971358721542e-01,4.678440729464697356e-01
1.827413706853426731e+02,1.125841568610064236e-01,4.709987961217182439e-01
1.827813906953476817e+02,1.099016895892864776e-01,4.741453669963551221e-01
1.828214107053526618e+02,1.072478605861922896e-01,4.772835704901792209e-01
1.828614307153576704e+02,1.046230320857702845e-01,4.804131943677235617e-01
1.829014507253626789e+02,1.020275632074862937e-01,4.835340292526994488e-01
1.829414707353676874e+02,9.946180987355257574e-02,4.866458686417146629e-01
1.829814907453726960e+02,9.692612472678718838e-02,4.897485089172344819e-01
1.830215107553776761e+02,9.442085704901859167e-02,4.928417493597989640e-01
1.830615307653826846e+02,9.194635268005679762e-02,4.959253921595107029e-01
1.831015507753876932e+02,8.950295393728191495e-02,4.989992424267633009e-01
1.831415707853927017e+02,8.709099953584009679e-02,5.020631082022575242e-01
1.831815907953977103e+02,8.471082450950162546e-02,5.051168004662758282e-01
1.832216108054026904e+02,8.236276013219667735e-02,5.081601331472296312e-01
1.832616308154076989e+02,8.004713384024608747e-02,5.111929231294947140e-01
1.833016508254127075e+02,7.776426915533796169e-02,5.142149902605053224e-01
1.833416708354177160e+02,7.551448560824214340e-02,5.172261573571554916e-01
1.833816908454227246e+02,7.329809866331293833e-02,5.202262502114788356e-01
1.834217108554277047e+02,7.111541964379575198e-02,5.232150975956235683e-01
1.834617308654327132e+02,6.896675565795562513e-02,5.261925312661354104e-01
1.835017508754377218e+02,6.685240952607529596e-02,5.291583859675247359e-01
1.835417708854427303e+02,6.477267970831468435e-02,5.321124994351638104e-01
1.835817908954477389e+02,6.272786023348253526e-02,5.350547123974870312e-01
1.836218109054527190e+02,6.071824062873043548e-02,5.379848685775125983e-01
1.836618309154577275e+02,5.874410585019251840e-02,5.409028146936984971e-01
1.837018509254627361e+02,5.680573621461004752e-02,5.438084004601108079e-01
1.837418709354677162e+02,5.490340733193865841e-02,5.467014785859463100e-01
1.837818909454727248e+02,5.303739003897545157e-02,5.495819047743997210e-01
1.838219109554777333e+02,5.120795033403746643e-02,5.524495377208618052e-01
1.838619309654827418e+02,4.941534931269064845e-02,5.553042391104936470e-01
1.839019509754877504e+02,4.765984310456816697e-02,5.581458736151537758e-01
1.839419709854927305e+02,4.594168281129629161e-02,5.609743088896944618e-01
1.839819909954977390e+02,4.426111444553959551e-02,5.637894155676439478e-01
1.840220110055027476e+02,4.261837887120678570e-02,5.665910672562521899e-01
1.840620310155077561e+02,4.101371174481172055e-02,5.693791405309458487e-01
1.841020510255127647e+02,3.944734345802813902e-02,5.721535149291714362e-01
1.841420710355177448e+02,3.791949908145286763e-02,5.749140729436428288e-01
1.841820910455227533e+02,3.643039830958894054e-02,5.776607000150097981e-01
1.842221110555277619e+02,3.498025540708571413e-02,5.803932845239281324e-01
1.842621310655327704e+02,3.356927915623209024e-02,5.831117177825742015e-01
1.843021510755377790e+02,3.219767280573682111e-02,5.858158940255873137e-01
1.843421710855427591e+02,3.086563402080821916e-02,5.885057104004522976e-01
1.843821910955477676e+02,2.957335483454615055e-02,5.911810669573444033e-01
1.844222111055527762e+02,2.832102160067628827e-02,5.938418666384119859e-01
1.844622311155577847e+02,2.710881494762551469e-02,5.964880152665470447e-01
1.845022511255627933e+02,2.593690973396578503e-02,5.991194215336195228e-01
1.845422711355677734e+02,2.480547500524166171e-02,6.017359969881961312e-01
1.845822911455727819e+02,2.371467395218640473e-02,6.043376560227591288e-01
1.846223111555777905e+02,2.266466387035903640e-02,6.069243158604079591e-01
1.846623311655827990e+02,2.165559612119594135e-02,6.094958965410868235e-01
1.847023511755878076e+02,2.068761609450509020e-02,6.120523209073210902e-01
1.847423711855927877e+02,1.976086317241088075e-02,6.145935145894787510e-01
1.847823911955977962e+02,1.887547069475836725e-02,6.171194059905764639e-01
1.848224112056028048e+02,1.803156592600019259e-02,6.196299262706097544e-01
1.848624312156077849e+02,1.722927002356389181e-02,6.221250093304524498e-01
1.849024512256128219e+02,1.646869800771644243e-02,6.246045917953180204e-01
1.849424712356178020e+02,1.574995873294704474e-02,6.270686129977651735e-01
1.849824912456228105e+02,1.507315486085258893e-02,6.295170149603247500e-01
1.850225112556278191e+02,1.443838283456511107e-02,6.319497423776726519e-01
1.850625312656327992e+02,1.384573285470858117e-02,6.343667425984231834e-01
1.851025512756378077e+02,1.329528885690056672e-02,6.367679656065288185e-01
1.851425712856428163e+02,1.278712849081131697e-02,6.391533640022777352e-01
1.851825912956478248e+02,1.232132310077838078e-02,6.415228929829333016e-01
1.852226113056528334e+02,1.189793770799096873e-02,6.438765103229979747e-01
1.852626313156578135e+02,1.151703099424661314e-02,6.462141763541184858e-01
1.853026513256628220e+02,1.117865528728623215e-02,6.485358539446521853e-01
1.853426713356678306e+02,1.088285654771492528e-02,6.508415084788765625e-01
1.853826913456728391e+02,1.062967435750983292e-02,6.531311078358846833e-01
1.854227113556778477e+02,1.041914191012094371e-02,6.554046223681514460e-01
1.854627313656828278e+02,1.025128600216884678e-02,6.576620248797877544e-01
1.855027513756878363e+02,1.012612702674020593e-02,6.599032906045003699e-01
1.855427713856928449e+02,1.004367896828584072e-02,6.621283971832410131e-01
1.855827913956978534e+02,1.000394939912119252e-02,6.643373246415877897e-01
1.856228114057028620e+02,1.000693947753117374e-02,6.665300553668422889e-01
1.856628314157078421e+02,1.005264394748084378e-02,6.687065740848614492e-01
1.857028514257128506e+02,1.014105113993024609e-02,6.708668678366390692e-01
1.857428714357178592e+02,1.027214297575451685e-02,6.730109259546233069e-01
1.857828914457228677e+02,1.044589497026737757e-02,6.751387400388121351e-01
1.858229114557278763e+02,1.066227623934690172e-02,6.772503039326087659e-01
1.858629314657328564e+02,1.092124950716111265e-02,6.793456136984579175e-01
1.859029514757378649e+02,1.122277111549141448e-02,6.814246675932758013e-01
1.859429714857428735e+02,1.156679103464841596e-02,6.834874660436629501e-01
1.859829914957478820e+02,1.195325287597936992e-02,6.855340116209374113e-01
1.860230115057528906e+02,1.238209390596123338e-02,6.875643090159737625e-01
1.860630315157578707e+02,1.285324506187324189e-02,6.895783650138678222e-01
1.861030515257628792e+02,1.336663096904799897e-02,6.915761884684373806e-01
1.861430715357678878e+02,1.392216995968686977e-02,6.935577902765521774e-01
1.861830915457728679e+02,1.451977409324245460e-02,6.955231833523239926e-01
1.862231115557779049e+02,1.515934917835670692e-02,6.974723826011571814e-01
1.862631315657828850e+02,1.584079479634104004e-02,6.994054048936440005e-01
1.863031515757878935e+02,1.656400432620641627e-02,7.013222690393698944e-01
1.863431715857929021e+02,1.732886497121410851e-02,7.032229957605674597e-01
1.863831915957978822e+02,1.813525778695457280e-02,7.051076076656825897e-01
1.864232116058028907e+02,1.898305771093800054e-02,7.069761292228392557e-01
1.864632316158078993e+02,1.987213359368256160e-02,7.088285867332005941e-01
1.865032516258129078e+02,2.080234823129722965e-02,7.106650083042587163e-01
1.865432716358179164e+02,2.177355839954375760e-02,7.124854238230436954e-01
1.865832916458228965e+02,2.278561488936337032e-02,7.142898649292632740e-01
1.866233116558279050e+02,2.383836254386551001e-02,7.160783649883912805e-01
1.866633316658329136e+02,2.493164029674910243e-02,7.178509590646890981e-01
1.867033516758379221e+02,2.606528121216222793e-02,7.196076838941977138e-01
1.867433716858429307e+02,2.723911252597233101e-02,7.213485778576855800e-01
1.867833916958479108e+02,2.845295568843786427e-02,7.230736809535692755e-01
1.868234117058529193e+02,2.970662640827104184e-02,7.247830347708169585e-01
1.868634317158579279e+02,3.099993469806261448e-02,7.264766824618272834e-01
1.869034517258629364e+02,3.233268492107022052e-02,7.281546687153136466e-01
1.869434717358679450e+02,3.370467583934289024e-02,7.298170397291824374e-01
1.869834917458729251e+02,3.511570066316771488e-02,7.314638431834201704e-01
1.870235117558779336e+02,3.656554710182668977e-02,7.330951282130002689e-01
1.870635317658829422e+02,3.805399741563231242e-02,7.347109453808010615e-01
1.871035517758879507e+02,3.958082846924482201e-02,7.363113466505640803e-01
1.871435717858929593e+02,4.114581178623355484e-02,7.378963853598812239e-01
1.871835917958979394e+02,4.274871360487564331e-02,7.394661161932254423e-01
1.872236118059029479e+02,4.438929493517140834e-02,7.410205951550350445e-01
1.872636318159079565e+02,4.606731161704535893e-02,7.425598795428428600e-01
1.873036518259129650e+02,4.778251437973290994e-02,7.440840279204767871e-01
1.873436718359179736e+02,4.953464890231706885e-02,7.455931000913251783e-01
1.873836918459229537e+02,5.132345587539777210e-02,7.470871570716741683e-01
1.874237118559279622e+02,5.314867106388321272e-02,7.485662610641319326e-01
1.874637318659329708e+02,5.501002537085852850e-02,7.500304754311283295e-01
1.875037518759379509e+02,5.690724490253795675e-02,7.514798646685155736e-01
1.875437718859429879e+02,5.884005103426659389e-02,7.529144943792684952e-01
1.875837918959479680e+02,6.080816047752768405e-02,7.543344312472732849e-01
1.876238119059529765e+02,6.281128534798918750e-02,7.557397430112490211e-01
1.876638319159579851e+02,6.484913323449525979e-02,7.571304984387609016e-01
1.877038519259629652e+02,6.692140726903783587e-02,7.585067673003661470e-01
1.877438719359679737e+02,6.902780619766024639e-02,7.598686203438861364e-01
1.877838919459729823e+02,7.116802445225900442e-02,7.612161292687975589e-01
1.878239119559779908e+02,7.334175222328753740e-02,7.625493667007712251e-01
1.878639319659829994e+02,7.554867553331323649e-02,7.638684061663435498e-01
1.879039519759879795e+02,7.778847631141516672e-02,7.651733220677356950e-01
1.879439719859929880e+02,8.006083246840089984e-02,7.664641896578241465e-01
1.879839919959979966e+02,8.236541797279783861e-02,7.677410850152587285e-01
1.880240120060030051e+02,8.470190292762302953e-02,7.690040850197470412e-01
1.880640320160080137e+02,8.706995364788305825e-02,7.702532673274981034e-01
1.881040520260129938e+02,8.946923273878881755e-02,7.714887103468325291e-01
1.881440720360180023e+02,9.189939917466249941e-02,7.727104932139693405e-01
1.881840920460230109e+02,9.436010837849295729e-02,7.739186957689787594e-01
1.882241120560280194e+02,9.685101230214010481e-02,7.751133985319239583e-01
1.882641320660330280e+02,9.937175950714316475e-02,7.762946826791803367e-01
1.883041520760380081e+02,1.019219952461101197e-01,7.774626300199429796e-01
1.883441720860430166e+02,1.045013615446739319e-01,7.786173229729278500e-01
1.883841920960480252e+02,1.071094972839615744e-01,7.797588445432591664e-01
1.884242121060530337e+02,1.097460382835842019e-01,7.808872782995615047e-01
1.884642321160580423e+02,1.124106173850965007e-01,7.820027083512498534e-01
1.885042521260630224e+02,1.151028645359061242e-01,7.831052193260212846e-01
1.885442721360680309e+02,1.178224068736172248e-01,7.841948963475592338e-01
1.885842921460730395e+02,1.205688688107511286e-01,7.852718250134390621e-01
1.886243121560780480e+02,1.233418721198578094e-01,7.863360913732525548e-01
1.886643321660830566e+02,1.261410360189592073e-01,7.873877819069464712e-01
1.887043521760880367e+02,1.289659772573115148e-01,7.884269835033760332e-01
1.887443721860930452e+02,1.318163102014651145e-01,7.894537834390846776e-01
1.887843921960980538e+02,1.346916469215678758e-01,7.904682693572988583e-01
1.888244122061030339e+02,1.375915972779228058e-01,7.914705292471528875e-01
1.888644322161080424e+02,1.405157690077541988e-01,7.924606514231435916e-01
1.889044522261130510e+02,1.434637678121376547e-01,7.934387245048053483e-01
1.889444722361180595e+02,1.464351974431061798e-01,7.944048373966264842e-01
1.889844922461230681e+02,1.494296597908745250e-01,7.953590792681921595e-01
1.890245122561280482e+02,1.524467549711648884e-01,7.963015395345652836e-01
1.890645322661330567e+02,1.554860814126198809e-01,7.972323078369059068e-01
1.891045522761380653e+02,1.585472359442414714e-01,7.981514740233226490e-01
1.891445722861430738e+02,1.616298138828751174e-01,7.990591281299712634e-01
1.891845922961480824e+02,1.647334091206782425e-01,7.999553603623903442e-01
1.892246123061530625e+02,1.678576142125590698e-01,8.008402610770805063e-01
1.892646323161580710e+02,1.710020204635706031e-01,8.017139207633299236e-01
1.893046523261630796e+02,1.741662180161994700e-01,8.025764300252783423e-01
1.893446723361680881e+02,1.773497959375709421e-01,8.034278795642351145e-01
1.893846923461730967e+02,1.805523423065066302e-01,8.042683601612383715e-01
1.894247123561780768e+02,1.837734443004257479e-01,8.050979626598643302e-01
1.894647323661830853e+02,1.870126882820726255e-01,8.059167779492866224e-01
1.895047523761880939e+02,1.902696598860110777e-01,8.067248969475802056e-01
1.895447723861931024e+02,1.935439441049089382e-01,8.075224105852792933e-01
1.895847923961981110e+02,1.968351253755510344e-01,8.083094097891848628e-01
1.896248124062030911e+02,2.001427876645694992e-01,8.090859854664210760e-01
1.896648324162080996e+02,2.034665145538772091e-01,8.098522284887461620e-01
1.897048524262131082e+02,2.068058893257469499e-01,8.106082296771096596e-01
1.897448724362181167e+02,2.101604950475569611e-01,8.113540797864655651e-01
1.897848924462231253e+02,2.135299146561472350e-01,8.120898694908356141e-01
1.898249124562281054e+02,2.169137310417723619e-01,8.128156893686229179e-01
1.898649324662331139e+02,2.203115271316401502e-01,8.135316298881801744e-01
1.899049524762381225e+02,2.237228859729794017e-01,8.142377813936250153e-01
1.899449724862431026e+02,2.271473908156574906e-01,8.149342340909092597e-01
1.899849924962481396e+02,2.305846251943066694e-01,8.156210780341416333e-01
1.900250125062531197e+02,2.340341730099009254e-01,8.162984031121512940e-01
1.900650325162581282e+02,2.374956186108543310e-01,8.169662990353160348e-01
1.901050525262631368e+02,2.409685468735029978e-01,8.176248553226257432e-01
1.901450725362681169e+02,2.444525432820424671e-01,8.182741612890039873e-01
1.901850925462731254e+02,2.479471940078645797e-01,8.189143060328757384e-01
1.902251125562781340e+02,2.514520859882508619e-01,8.195453784239794537e-01
1.902651325662831425e+02,2.549668070044508461e-01,8.201674670914310683e-01
1.903051525762881511e+02,2.584909457590885973e-01,8.207806604120301275e-01
1.903451725862931312e+02,2.620240919528892265e-01,8.213850464988131650e-01
1.903851925962981397e+02,2.655658363607201755e-01,8.219807131898512198e-01
1.904252126063031483e+02,2.691157709068900949e-01,8.225677480372878270e-01
1.904652326163081568e+02,2.726734887397378460e-01,8.231462382966228120e-01
1.905052526263131654e+02,2.762385843054557810e-01,8.237162709162346719e-01
1.905452726363181455e+02,2.798106534211426411e-01,8.242779325271428759e-01
1.905852926463231540e+02,2.833892933470800735e-01,8.248313094330106399e-01
1.906253126563281626e+02,2.869741028581805908e-01,8.253764876003810702e-01
1.906653326663331711e+02,2.905646823146385005e-01,8.259135526491525603e-01
1.907053526763381797e+02,2.941606337317320685e-01,8.264425898432878892e-01
1.907453726863431598e+02,2.977615608487714782e-01,8.269636840817542467e-01
1.907853926963481683e+02,3.013670691971933602e-01,8.274769198896989586e-01
1.908254127063531769e+02,3.049767661677451613e-01,8.279823814098500323e-01
1.908654327163581854e+02,3.085902610767982113e-01,8.284801523941487389e-01
1.909054527263631940e+02,3.122071652317381929e-01,8.289703161956079036e-01
1.909454727363681741e+02,3.158270919954272449e-01,8.294529557603946834e-01
1.909854927463731826e+02,3.194496568497448008e-01,8.299281536201380538e-01
1.910255127563781912e+02,3.230744774581484346e-01,8.303959918844560084e-01
1.910655327663831997e+02,3.267011737272982330e-01,8.308565522337036935e-01
1.911055527763882083e+02,3.303293678676937351e-01,8.313099159119401449e-01
1.911455727863931884e+02,3.339586844533226628e-01,8.317561637201090763e-01
1.911855927963981969e+02,3.375887504803254391e-01,8.321953760094371599e-01
1.912256128064032055e+02,3.412191954246246439e-01,8.326276326750402523e-01
1.912656328164081856e+02,3.448496512985590456e-01,8.330530131497434487e-01
1.913056528264132226e+02,3.484797527064917855e-01,8.334715963981091935e-01
1.913456728364182027e+02,3.521091368993403137e-01,8.338834609106674511e-01
1.913856928464232112e+02,3.557374438281256657e-01,8.342886846983579296e-01
1.914257128564282198e+02,3.593643161963995247e-01,8.346873452871662602e-01
1.914657328664331999e+02,3.629893995116473260e-01,8.350795197129652347e-01
1.915057528764382084e+02,3.666123421356166645e-01,8.354652845165531083e-01
1.915457728864432170e+02,3.702327953335439181e-01,8.358447157388858573e-01
1.915857928964482255e+02,3.738504133223214954e-01,8.362178889165052809e-01
1.916258129064532341e+02,3.774648533175581910e-01,8.365848790771568400e-01
1.916658329164582142e+02,3.810757755795445845e-01,8.369457607355975659e-01
1.917058529264632227e+02,3.846828434581243683e-01,8.373006078895913751e-01
1.917458729364682313e+02,3.882857234364340271e-01,8.376494940160864600e-01
1.917858929464732398e+02,3.918840851735534425e-01,8.379924920675783095e-01
1.918259129564782484e+02,3.954776015460257366e-01,8.383296744686510316e-01
1.918659329664832285e+02,3.990659486882564000e-01,8.386611131126964214e-01
1.919059529764882370e+02,4.026488060317995887e-01,8.389868793588101115e-01
1.919459729864932456e+02,4.062258563434921199e-01,8.393070440288579181e-01
1.919859929964982541e+02,4.097967857624799648e-01,8.396216774047160492e-01
1.920260130065032627e+02,4.133612838361021002e-01,8.399308492256779557e-01
1.920660330165082428e+02,4.169190435546382689e-01,8.402346286860274960e-01
1.921060530265132513e+02,4.204697613849331939e-01,8.405330844327774109e-01
1.921460730365182599e+02,4.240131373028603323e-01,8.408262845635663396e-01
1.921860930465232684e+02,4.275488748246717430e-01,8.411142966247163733e-01
1.922261130565282770e+02,4.310766810371992053e-01,8.413971876094485935e-01
1.922661330665332571e+02,4.345962666269170827e-01,8.416750239562493796e-01
1.923061530765382656e+02,4.381073459078818622e-01,8.419478715473921460e-01
1.923461730865432742e+02,4.416096368485110113e-01,8.422157957076058521e-01
1.923861930965482827e+02,4.451028610972522226e-01,8.424788612028910606e-01
1.924262131065532913e+02,4.485867440071085732e-01,8.427371322394821007e-01
1.924662331165582714e+02,4.520610146590327005e-01,8.429906724629486758e-01
1.925062531265632799e+02,4.555254058842070908e-01,8.432395449574408008e-01
1.925462731365682885e+02,4.589796542851735106e-01,8.434838122450672993e-01
1.925862931465732686e+02,4.624235002558648722e-01,8.437235362854119680e-01
1.926263131565782771e+02,4.658566880005181599e-01,8.439587784751816368e-01
1.926663331665832857e+02,4.692789655514524871e-01,8.441895996479836795e-01
1.927063531765882942e+02,4.726900847857622434e-01,8.444160600742327549e-01
1.927463731865933028e+02,4.760898014408932455e-01,8.446382194611812277e-01
1.927863931965982829e+02,4.794778751291202123e-01,8.448561369530742660e-01
1.928264132066032914e+02,4.828540693509411619e-01,8.450698711314252876e-01
1.928664332166083000e+02,4.862181515073604743e-01,8.452794800154080912e-01
1.929064532266133085e+02,4.895698929111138020e-01,8.454850210623680029e-01
1.929464732366183171e+02,4.929090687968040729e-01,8.456865511684436010e-01
1.929864932466232972e+02,4.962354583299701249e-01,8.458841266693017946e-01
1.930265132566283057e+02,4.995488446151036266e-01,8.460778033409814824e-01
1.930665332666333143e+02,5.028490147025885815e-01,8.462676364008430152e-01
1.931065532766383228e+02,5.061357595946169852e-01,8.464536805086229077e-01
1.931465732866433314e+02,5.094088742500534339e-01,8.466359897675908019e-01
1.931865932966483115e+02,5.126681575882696684e-01,8.468146177258050189e-01
1.932266133066533200e+02,5.159134124919668718e-01,8.469896173774679182e-01
1.932666333166583286e+02,5.191444458089622405e-01,8.471610411643736294e-01
1.933066533266633371e+02,5.223610683529936738e-01,8.473289409774515946e-01
1.933466733366683457e+02,5.255630949035181576e-01,8.474933681583990408e-01
1.933866933466733258e+02,5.287503442045232704e-01,8.476543735014033798e-01
1.934267133566783343e+02,5.319226389623752382e-01,8.478120072549504282e-01
1.934667333666833429e+02,5.350798058426780024e-01,8.479663191237171160e-01
1.935067533766883514e+02,5.382216754661994784e-01,8.481173582705459069e-01
1.935467733866933600e+02,5.413480824038416905e-01,8.482651733185008203e-01
1.935867933966983401e+02,5.444588651706763205e-01,8.484098123529982827e-01
1.936268134067033486e+02,5.475538662190682082e-01,8.485513229240180255e-01
1.936668334167083572e+02,5.506329319308650438e-01,8.486897520483828172e-01
1.937068534267133657e+02,5.536959126087084293e-01,8.488251462121146895e-01
1.937468734367183743e+02,5.567426624664437718e-01,8.489575513728566669e-01
1.937868934467233544e+02,5.597730396186552104e-01,8.490870129623646623e-01
1.938269134567283629e+02,5.627869060693437842e-01,8.492135758890643205e-01
1.938669334667333715e+02,5.657841276997326307e-01,8.493372845406703675e-01
1.939069534767383516e+02,5.687645742552493999e-01,8.494581827868694646e-01
1.939469734867433601e+02,5.717281193316821053e-01,8.495763139820611265e-01
1.939869934967483687e+02,5.746746403604983122e-01,8.496917209681568162e-01
1.940270135067533772e+02,5.776040185933843940e-01,8.498044460774355491e-01
1.940670335167583858e+02,5.805161390859840953e-01,8.499145311354524557e-01
1.941070535267633659e+02,5.834108906808588291e-01,8.500220174640005233e-01
1.941470735367683744e+02,5.862881659896981290e-01,8.501269458841214099e-01
1.941870935467733830e+02,5.891478613747558324e-01,8.502293567191656631e-01
1.942271135567783915e+02,5.919898769295730556e-01,8.503292897978986797e-01
1.942671335667834001e+02,5.948141164589662022e-01,8.504267844576532953e-01
1.943071535767883802e+02,5.976204874583068705e-01,8.505218795475225635e-01
1.943471735867933887e+02,6.004089010921149772e-01,8.506146134315972773e-01
1.943871935967983973e+02,6.031792721719524408e-01,8.507050239922405721e-01
1.944272136068034058e+02,6.059315191336669404e-01,8.507931486334017190e-01
1.944672336168084144e+02,6.086655640139735368e-01,8.508790242839665563e-01
1.945072536268133945e+02,6.113813324263969173e-01,8.509626874011413378e-01
1.945472736368184030e+02,6.140787535365979100e-01,8.510441739738712208e-01
1.945872936468234116e+02,6.167577600370697244e-01,8.511235195262893960e-01
1.946273136568284201e+02,6.194182881212573211e-01,8.512007591211960822e-01
1.946673336668334287e+02,6.220602774570843652e-01,8.512759273635667201e-01
1.947073536768384088e+02,6.246836711599133007e-01,8.513490584040855902e-01
1.947473736868434173e+02,6.272884157649610826e-01,8.514201859427071861e-01
1.947873936968484259e+02,6.298744611991569098e-01,8.514893432322385713e-01
1.948274137068534344e+02,6.324417607524950302e-01,8.515565630819470488e-01
1.948674337168584429e+02,6.349902710488685154e-01,8.516218778611865936e-01
1.949074537268634231e+02,6.375199520164074318e-01,8.516853195030456014e-01
1.949474737368684316e+02,6.400307668573450570e-01,8.517469195080120681e-01
1.949874937468734402e+02,6.425226820174005926e-01,8.518067089476555331e-01
1.950275137568784203e+02,6.449956671547267817e-01,8.518647184683254547e-01
1.950675337668834572e+02,6.474496951084205421e-01,8.519209782948632403e-01
1.951075537768884374e+02,6.498847418665862907e-01,8.519755182343273781e-01
1.951475737868934459e+02,6.523007865340344491e-01,8.520283676797301142e-01
1.951875937968984545e+02,6.546978112995415211e-01,8.520795556137852333e-01
1.952276138069034346e+02,6.570758014027598959e-01,8.521291106126651638e-01
1.952676338169084431e+02,6.594347451007571692e-01,8.521770608497647448e-01
1.953076538269134517e+02,6.617746336341936431e-01,8.522234340994745416e-01
1.953476738369184602e+02,6.640954611931770835e-01,8.522682577409567140e-01
1.953876938469234688e+02,6.663972248827898515e-01,8.523115587619289890e-01
1.954277138569284489e+02,6.686799246883063930e-01,8.523533637624496340e-01
1.954677338669334574e+02,6.709435634401260673e-01,8.523936989587056479e-01
1.955077538769384660e+02,6.731881467784107675e-01,8.524325901868037292e-01
1.955477738869434745e+02,6.754136831174711864e-01,8.524700629065593560e-01
1.955877938969484831e+02,6.776201836098953990e-01,8.525061422052873095e-01
1.956278139069534632e+02,6.798076621104378603e-01,8.525408528015894216e-01
1.956678339169584717e+02,6.819761351396932403e-01,8.525742190491404360e-01
1.957078539269634803e+02,6.841256218475432194e-01,8.526062649404705374e-01
1.957478739369684888e+02,6.862561439764220950e-01,8.526370141107419975e-01
1.957878939469734973e+02,6.883677258243912078e-01,8.526664898415234894e-01
1.958279139569784775e+02,6.904603942080429491e-01,8.526947150645546314e-01
1.958679339669834860e+02,6.925341784252549981e-01,8.527217123655068676e-01
1.959079539769884946e+02,6.945891102177851328e-01,8.527475039877339125e-01
1.959479739869935031e+02,6.966252237337522413e-01,8.527721118360156449e-01
1.959879939969985116e+02,6.986425554899884371e-01,8.527955574802904559e-01
1.960280140070034918e+02,7.006411443342885903e-01,8.528178621593794917e-01
1.960680340170085003e+02,7.026210314075731489e-01,8.528390467846984624e-01
1.961080540270135089e+02,7.045822601059557044e-01,8.528591319439579044e-01
1.961480740370185174e+02,7.065248760427589314e-01,8.528781379048524514e-01
1.961880940470235259e+02,7.084489270104654679e-01,8.528960846187343403e-01
1.962281140570285061e+02,7.103544629426270518e-01,8.529129917242761483e-01
1.962681340670335146e+02,7.122415358757472337e-01,8.529288785511173199e-01
1.963081540770385232e+02,7.141101999111317822e-01,8.529437641234950407e-01
1.963481740870435033e+02,7.159605111767430863e-01,8.529576671638622321e-01
1.963881940970485402e+02,7.177925277890578881e-01,8.529706060964857839e-01
1.964282141070535204e+02,7.196063098149207971e-01,8.529825990510309097e-01
1.964682341170585289e+02,7.214019192334563124e-01,8.529936638661258508e-01
1.965082541270635375e+02,7.231794198979843991e-01,8.530038180929105929e-01
1.965482741370685176e+02,7.249388774980036754e-01,8.530130789985657103e-01
1.965882941470735261e+02,7.266803595212318889e-01,8.530214635698225578e-01
1.966283141570785347e+02,7.284039352157029024e-01,8.530289885164550334e-01
1.966683341670835432e+02,7.301096755519561610e-01,8.530356702747493580e-01
1.967083541770885518e+02,7.317976531853094269e-01,8.530415250109562031e-01
1.967483741870935319e+02,7.334679424182307672e-01,8.530465686247192814e-01
1.967883941970985404e+02,7.351206191628254505e-01,8.530508167524848417e-01
1.968284142071035490e+02,7.367557609034310895e-01,8.530542847708885157e-01
1.968684342171085575e+02,7.383734466593513401e-01,8.530569878001199591e-01
1.969084542271135660e+02,7.399737569477237153e-01,8.530589407072659558e-01
1.969484742371185462e+02,7.415567737465319498e-01,8.530601581096299846e-01
1.969884942471235547e+02,7.431225804577826777e-01,8.530606543780298034e-01
1.970285142571285633e+02,7.446712618708324349e-01,8.530604436400694990e-01
1.970685342671335718e+02,7.462029041259023998e-01,8.530595397833906635e-01
1.971085542771385803e+02,7.477175946777669946e-01,8.530579564588971486e-01
1.971485742871435605e+02,7.492154222596334456e-01,8.530557070839570599e-01
1.971885942971485690e+02,7.506964768472248473e-01,8.530528048455793266e-01
1.972286143071535776e+02,7.521608496230577368e-01,8.530492627035654030e-01
1.972686343171585861e+02,7.536086329409455997e-01,8.530450933936374325e-01
1.973086543271635946e+02,7.550399202907159824e-01,8.530403094305385459e-01
1.973486743371685748e+02,7.564548062631578640e-01,8.530349231111102881e-01
1.973886943471735833e+02,7.578533865152087268e-01,8.530289465173424013e-01
1.974287143571785919e+02,7.592357577353747722e-01,8.530223915193978490e-01
1.974687343671836004e+02,7.606020176094100416e-01,8.530152697786111959e-01
1.975087543771886089e+02,7.619522647862462250e-01,8.530075927504613409e-01
1.975487743871935891e+02,7.632865988441857041e-01,8.529993716875171605e-01
1.975887943971985976e+02,7.646051202573669325e-01,8.529906176423571740e-01
1.976288144072036062e+02,7.659079303624949375e-01,8.529813414704627839e-01
1.976688344172085863e+02,7.671951313258615901e-01,8.529715538330834290e-01
1.977088544272135948e+02,7.684668261106507581e-01,8.529612652000767570e-01
1.977488744372186034e+02,7.697231184445272323e-01,8.529504858527209299e-01
1.977888944472236119e+02,7.709641127875315192e-01,8.529392258864989529e-01
1.978289144572286204e+02,7.721899143002717292e-01,8.529274952138578003e-01
1.978689344672336006e+02,7.734006288124226636e-01,8.529153035669388982e-01
1.979089544772386091e+02,7.745963627915406491e-01,8.529026605002819617e-01
1.979489744872436177e+02,7.757772233121855709e-01,8.528895753935015200e-01
1.979889944972486262e+02,7.769433180253725313e-01,8.528760574539356876e-01
1.980290145072536347e+02,7.780947551283433627e-01,8.528621157192687319e-01
1.980690345172586149e+02,7.792316433346673232e-01,8.528477590601244440e-01
1.981090545272636234e+02,7.803540918446782992e-01,8.528329961826344174e-01
1.981490745372686320e+02,7.814622103162398581e-01,8.528178356309766839e-01
1.981890945472736405e+02,7.825561088358590212e-01,8.528022857898888143e-01
1.982291145572786490e+02,7.836358978901376560e-01,8.527863548871522648e-01
1.982691345672836292e+02,7.847016883375718121e-01,8.527700509960511877e-01
1.983091545772886377e+02,7.857535913807025540e-01,8.527533820378014884e-01
1.983491745872936463e+02,7.867917185386121837e-01,8.527363557839550134e-01
1.983891945972986548e+02,7.878161816197830625e-01,8.527189798587752056e-01
1.984292146073036633e+02,7.888270926953083739e-01,8.527012617415860030e-01
1.984692346173086435e+02,7.898245640724641525e-01,8.526832087690936479e-01
1.985092546273136520e+02,7.908087082686455771e-01,8.526648281376812966e-01
1.985492746373186606e+02,7.917796379856595346e-01,8.526461269056770931e-01
1.985892946473236691e+02,7.927374660843914400e-01,8.526271119955952660e-01
1.986293146573286776e+02,7.936823055598333232e-01,8.526077901963499128e-01
1.986693346673336578e+02,7.946142695164833958e-01,8.525881681654432498e-01
1.987093546773386663e+02,7.955334711441163220e-01,8.525682524311257726e-01
1.987493746873436749e+02,7.964400236939210842e-01,8.525480493945315486e-01
1.987893946973486550e+02,7.973340404550145477e-01,8.525275653317859748e-01
1.988294147073536919e+02,7.982156347313308364e-01,8.525068063960878906e-01
1.988694347173586721e+02,7.990849198188747504e-01,8.524857786197653775e-01
1.989094547273636806e+02,7.999420089833655378e-01,8.524644879163054689e-01
1.989494747373686891e+02,8.007870154382409345e-01,8.524429400823586578e-01
1.989894947473736693e+02,8.016200523230454511e-01,8.524211407997160928e-01
1.990295147573786778e+02,8.024412326821945829e-01,8.523990956372631267e-01
1.990695347673836864e+02,8.032506694441094997e-01,8.523768100529068859e-01
1.991095547773886949e+02,8.040484754007333201e-01,8.523542893954766386e-01
1.991495747873937034e+02,8.048347631874208652e-01,8.523315389066022929e-01
1.991895947973986836e+02,8.056096452632028893e-01,8.523085637225650268e-01
1.992296148074036921e+02,8.063732338914301190e-01,8.522853688761251600e-01
1.992696348174087007e+02,8.071256411207835546e-01,8.522619592983233794e-01
1.993096548274137092e+02,8.078669787666672431e-01,8.522383398202598714e-01
1.993496748374187177e+02,8.085973583929688679e-01,8.522145151748464764e-01
1.993896948474236979e+02,8.093168912941942628e-01,8.521904899985370818e-01
1.994297148574287064e+02,8.100256884779747368e-01,8.521662688330322588e-01
1.994697348674337150e+02,8.107238606479394427e-01,8.521418561269610281e-01
1.995097548774387235e+02,8.114115181869627769e-01,8.521172562375390891e-01
1.995497748874437320e+02,8.120887711407748233e-01,8.520924734322026239e-01
1.995897948974487122e+02,8.127557292019400581e-01,8.520675118902203415e-01
1.996298149074537207e+02,8.134125016942009845e-01,8.520423757042808743e-01
1.996698349174587293e+02,8.140591975571809247e-01,8.520170688820583038e-01
1.997098549274637378e+02,8.146959253314531857e-01,8.519915953477552595e-01
1.997498749374687463e+02,8.153227931439652743e-01,8.519659589436221481e-01
1.997898949474737265e+02,8.159399086938224910e-01,8.519401634314557326e-01
1.998299149574787350e+02,8.165473792384281282e-01,8.519142124940741745e-01
1.998699349674837435e+02,8.171453115799722777e-01,8.518881097367715372e-01
1.999099549774887521e+02,8.177338120522762432e-01,8.518618586887490851e-01
1.999499749874937606e+02,8.183129865079843412e-01,8.518354628045269328e-01
1.999899949974987408e+02,8.188829403061002044e-01,8.518089254653323783e-01
2.000300150075037493e+02,8.194437782998712505e-01,8.517822499804684755e-01
2.000700350175087578e+02,8.199956048250087726e-01,8.517554395886618446e-01
2.001100550275137380e+02,8.205385236882515310e-01,8.517284974593886115e-01
2.001500750375187749e+02,8.210726381562651888e-01,8.517014266941808076e-01
2.001900950475237551e+02,8.215980509448702618e-01,8.516742303279128956e-01
2.002301150575287636e+02,8.221148642086089087e-01,8.516469113300666471e-01
2.002701350675337721e+02,8.226231795306321315e-01,8.516194726059780340e-01
2.003101550775387523e+02,8.231230979129146030e-01,8.515919169980629144e-01
2.003501750875437608e+02,8.236147197667942343e-01,8.515642472870245117e-01
2.003901950975487694e+02,8.240981449038241591e-01,8.515364661930406864e-01
2.004302151075537779e+02,8.245734725269464604e-01,8.515085763769331129e-01
2.004702351175587864e+02,8.250408012219759835e-01,8.514805804413168033e-01
2.005102551275637666e+02,8.255002289493929002e-01,8.514524809317317589e-01
2.005502751375687751e+02,8.259518530364435840e-01,8.514242803377554125e-01
2.005902951475737837e+02,8.263957701695412439e-01,8.513959810940978645e-01
2.006303151575787922e+02,8.268320763869692058e-01,8.513675855816786875e-01
2.006703351675838007e+02,8.272608670718785140e-01,8.513390961286854131e-01
2.007103551775887809e+02,8.276822369455785200e-01,8.513105150116158093e-01
2.007503751875937894e+02,8.280962800611183505e-01,8.512818444563013953e-01
2.007903951975987979e+02,8.285030897971499275e-01,8.512530866389146356e-01
2.008304152076038065e+02,8.289027588520786471e-01,8.512242436869597029e-01
2.008704352176088150e+02,8.292953792384886169e-01,8.511953176802447008e-01
2.009104552276137952e+02,8.296810422778450045e-01,8.511663106518397859e-01
2.009504752376188037e+02,8.300598385954678360e-01,8.511372245890168609e-01
2.009904952476238122e+02,8.304318581157714707e-01,8.511080614341743900e-01
2.010305152576288208e+02,8.307971900577714175e-01,8.510788230857465608e-01
2.010705352676338293e+02,8.311559229308492780e-01,8.510495113990949045e-01
2.011105552776388095e+02,8.315081445307754837e-01,8.510201281873874812e-01
2.011505752876438180e+02,8.318539419359851639e-01,8.509906752224594140e-01
2.011905952976488265e+02,8.321934015041019261e-01,8.509611542356612102e-01
2.012306153076538351e+02,8.325266088687091059e-01,8.509315669186900966e-01
2.012706353176588436e+02,8.328536489363613793e-01,8.509019149244081426e-01
2.013106553276638238e+02,8.331746058838350733e-01,8.508721998676451737e-01
2.013506753376688323e+02,8.334895631556124007e-01,8.508424233259869185e-01
2.013906953476738408e+02,8.337986034615959552e-01,8.508125868405510550e-01
2.014307153576788210e+02,8.341018087750494692e-01,8.507826919167463808e-01
2.014707353676838579e+02,8.343992603307636147e-01,8.507527400250211036e-01
2.015107553776888381e+02,8.346910386234356327e-01,8.507227326015956992e-01
2.015507753876938466e+02,8.349772234062708964e-01,8.506926710491833354e-01
2.015907953976988551e+02,8.352578936897901984e-01,8.506625567376973063e-01
2.016308154077038353e+02,8.355331277408467594e-01,8.506323910049445880e-01
2.016708354177088438e+02,8.358030030818484057e-01,8.506021751573078493e-01
2.017108554277138524e+02,8.360675964901757018e-01,8.505719104704135836e-01
2.017508754377188609e+02,8.363269839978008102e-01,8.505415981897893607e-01
2.017908954477238694e+02,8.365812408910946463e-01,8.505112395315073126e-01
2.018309154577288496e+02,8.368304417108254345e-01,8.504808356828168492e-01
2.018709354677338581e+02,8.370746602523410074e-01,8.504503878027648289e-01
2.019109554777388666e+02,8.373139695659308490e-01,8.504198970228039611e-01
2.019509754877438752e+02,8.375484419573679951e-01,8.503893644473906610e-01
2.019909954977488837e+02,8.377781489886217958e-01,8.503587911545701372e-01
2.020310155077538639e+02,8.380031614787427641e-01,8.503281781965520425e-01
2.020710355177588724e+02,8.382235495049118468e-01,8.502975266002732457e-01
2.021110555277638809e+02,8.384393824036525666e-01,8.502668373679512781e-01
2.021510755377688895e+02,8.386507287722028137e-01,8.502361114776267881e-01
2.021910955477738980e+02,8.388576564700400695e-01,8.502053498836950052e-01
2.022311155577788782e+02,8.390602326205599537e-01,8.501745535174276558e-01
2.022711355677838867e+02,8.392585236129010973e-01,8.501437232874837768e-01
2.023111555777888952e+02,8.394525951039153444e-01,8.501128600804120916e-01
2.023511755877939038e+02,8.396425120202778425e-01,8.500819647611413954e-01
2.023911955977989123e+02,8.398283385607351326e-01,8.500510381734636134e-01
2.024312156078038925e+02,8.400101381984864668e-01,8.500200811405052015e-01
2.024712356178089010e+02,8.401879736836957990e-01,8.499890944651911084e-01
2.025112556278139095e+02,8.403619070461294527e-01,8.499580789306983020e-01
2.025512756378189181e+02,8.405319995979185776e-01,8.499270353009001910e-01
2.025912956478239266e+02,8.406983119364405121e-01,8.498959643208032766e-01
2.026313156578289068e+02,8.408609039473168290e-01,8.498648667169738102e-01
2.026713356678339153e+02,8.410198348075255126e-01,8.498337431979565704e-01
2.027113556778389238e+02,8.411751629886218273e-01,8.498025944546853117e-01
2.027513756878439040e+02,8.413269462600660997e-01,8.497714211608834445e-01
2.027913956978489125e+02,8.414752416926560841e-01,8.497402239734596074e-01
2.028314157078539210e+02,8.416201056620579157e-01,8.497090035328909163e-01
2.028714357178589296e+02,8.417615938524348751e-01,8.496777604636031045e-01
2.029114557278639381e+02,8.418997612601702984e-01,8.496464953743381177e-01
2.029514757378689183e+02,8.420346621976804169e-01,8.496152088585187112e-01
2.029914957478739268e+02,8.421663502973162352e-01,8.495839014946015011e-01
2.030315157578789353e+02,8.422948785153479001e-01,8.495525738464250187e-01
2.030715357678839439e+02,8.424202991360334458e-01,8.495212264635508825e-01
2.031115557778889524e+02,8.425426637757635895e-01,8.494898598815951996e-01
2.031515757878939326e+02,8.426620233872846866e-01,8.494584746225563032e-01
2.031915957978989411e+02,8.427784282639925184e-01,8.494270711951333874e-01
2.032316158079039496e+02,8.428919280442970230e-01,8.493956500950388122e-01
2.032716358179089582e+02,8.430025717160549714e-01,8.493642118053049694e-01
2.033116558279139667e+02,8.431104076210651499e-01,8.493327567965827107e-01
2.033516758379189469e+02,8.432154834596271575e-01,8.493012855274356676e-01
2.033916958479239554e+02,8.433178462951578247e-01,8.492697984446256898e-01
2.034317158579289639e+02,8.434175425588648078e-01,8.492382959833952860e-01
2.034717358679339725e+02,8.435146180544731420e-01,8.492067785677406278e-01
2.035117558779389810e+02,8.436091179630038628e-01,8.491752466106816666e-01
2.035517758879439612e+02,8.437010868475994796e-01,8.491437005145243688e-01
2.035917958979489697e+02,8.437905686583980769e-01,8.491121406711180652e-01
2.036318159079539782e+02,8.438776067374481604e-01,8.490805674621079158e-01
2.036718359179589868e+02,8.439622438236668023e-01,8.490489812591799357e-01
2.037118559279639953e+02,8.440445220578355334e-01,8.490173824243030243e-01
2.037518759379689754e+02,8.441244829876324296e-01,8.489857713099633330e-01
2.037918959479739840e+02,8.442021675726996133e-01,8.489541482593957467e-01
2.038319159579789925e+02,8.442776161897410647e-01,8.489225136068085931e-01
2.038719359679839727e+02,8.443508686376504091e-01,8.488908676776039108e-01
2.039119559779890096e+02,8.444219641426677914e-01,8.488592107885936100e-01
2.039519759879939897e+02,8.444909413635581785e-01,8.488275432482087490e-01
2.039919959979989983e+02,8.445578383968181946e-01,8.487958653567071465e-01
2.040320160080040068e+02,8.446226927818987207e-01,8.487641774063733324e-01
2.040720360180089870e+02,8.446855415064503658e-01,8.487324796817162786e-01
2.041120560280140239e+02,8.447464210115838146e-01,8.487007724596613567e-01
2.041520760380190040e+02,8.448053671971463841e-01,8.486690560097386316e-01
2.041920960480240126e+02,8.448624154270116815e-01,8.486373305942663814e-01
2.042321160580290211e+02,8.449176005343800311e-01,8.486055964685309538e-01
2.042721360680340013e+02,8.449709568270887816e-01,8.485738538809625142e-01
2.043121560780390382e+02,8.450225180929307189e-01,8.485421030733061309e-01
2.043521760880440183e+02,8.450723176049774743e-01,8.485103442807899743e-01
2.043921960980490269e+02,8.451203881269079288e-01,8.484785777322885192e-01
2.044322161080540354e+02,8.451667619183390601e-01,8.484468036504827504e-01
2.044722361180590156e+02,8.452114707401573446e-01,8.484150222520169260e-01
2.045122561280640241e+02,8.452545458598500483e-01,8.483832337476507890e-01
2.045522761380690326e+02,8.452960180568335202e-01,8.483514383424091143e-01
2.045922961480740412e+02,8.453359176277783771e-01,8.483196362357269260e-01
2.046323161580790497e+02,8.453742743919290259e-01,8.482878276215922719e-01
2.046723361680840299e+02,8.454111176964164143e-01,8.482560126886853347e-01
2.047123561780890384e+02,8.454464764215630090e-01,8.482241916205132126e-01
2.047523761880940469e+02,8.454803789861782271e-01,8.481923645955441460e-01
2.047923961980990271e+02,8.455128533528419865e-01,8.481605317873349703e-01
2.048324162081040640e+02,8.455439270331777113e-01,8.481286933646594584e-01
2.048724362181090441e+02,8.455736270931102361e-01,8.480968494916301115e-01
2.049124562281140527e+02,8.456019801581103890e-01,8.480650003278191740e-01
2.049524762381190612e+02,8.456290124184228096e-01,8.480331460283768719e-01
2.049924962481240414e+02,8.456547496342765591e-01,8.480012867441449886e-01
2.050325162581290783e+02,8.456792171410788539e-01,8.479694226217701081e-01
2.050725362681340584e+02,8.457024398545868182e-01,8.479375538038118609e-01
2.051125562781390670e+02,8.457244422760625824e-01,8.479056804288507276e-01
2.051525762881440755e+02,8.457452484974029572e-01,8.478738026315911780e-01
2.051925962981490557e+02,8.457648822062496796e-01,8.478419205429643668e-01
2.052326163081540926e+02,8.457833666910746784e-01,8.478100342902259445e-01
2.052726363181590727e+02,8.458007248462418026e-01,8.477781439970544231e-01
2.053126563281640813e+02,8.458169791770421275e-01,8.477462497836443234e-01
2.053526763381690898e+02,8.458321518047047238e-01,8.477143517667987682e-01
2.053926963481740700e+02,8.458462644713793388e-01,8.476824500600196322e-01
2.054327163581791069e+02,8.458593385450908775e-01,8.476505447735945831e-01
2.054727363681840870e+02,8.458713950246667945e-01,8.476186360146832355e-01
2.055127563781890956e+02,8.458824545446335108e-01,8.475867238873999732e-01
2.055527763881941041e+02,8.458925373800837422e-01,8.475548084928953285e-01
2.055927963981990843e+02,8.459016634515126309e-01,8.475228899294360296e-01
2.056328164082041212e+02,8.459098523296220140e-01,8.474909682924813836e-01
2.056728364182091013e+02,8.459171232400939378e-01,8.474590436747595490e-01
2.057128564282141099e+02,8.459234950683293119e-01,8.474271161663403662e-01
2.057528764382191184e+02,8.459289863641552554e-01,8.473951858547076332e-01
2.057928964482240985e+02,8.459336153464969144e-01,8.473632528248286055e-01
2.058329164582291071e+02,8.459373999080159745e-01,8.473313171592223858e-01
2.058729364682341156e+02,8.459403576197138674e-01,8.472993789380266483e-01
2.059129564782391242e+02,8.459425057354984512e-01,8.472674382390614767e-01
2.059529764882441327e+02,8.459438611967169397e-01,8.472354951378937571e-01
2.059929964982491128e+02,8.459444406366503078e-01,8.472035497078975741e-01
2.060330165082541214e+02,8.459442603849718356e-01,8.471716020203149400e-01
2.060730365182591299e+02,8.459433364721690163e-01,8.471396521443138594e-01
2.061130565282641101e+02,8.459416846339259388e-01,8.471077001470455059e-01
2.061530765382691470e+02,8.459393203154708107e-01,8.470757460936995109e-01
2.061930965482741271e+02,8.459362586758818470e-01,8.470437900475579207e-01
2.062331165582791357e+02,8.459325145923572986e-01,8.470118320700484871e-01
2.062731365682841442e+02,8.459281026644448476e-01,8.469798722207952935e-01
2.063131565782891244e+02,8.459230372182332536e-01,8.469479105576692701e-01
2.063531765882941613e+02,8.459173323105032560e-01,8.469159471368363779e-01
2.063931965982991414e+02,8.459110017328402842e-01,8.468839820128056806e-01
2.064332166083041500e+02,8.459040590157063111e-01,8.468520152384748645e-01
2.064732366183091585e+02,8.458965174324718506e-01,8.468200468651758683e-01
2.065132566283141387e+02,8.458883900034090964e-01,8.467880769427185150e-01
2.065532766383191756e+02,8.458796894996424287e-01,8.467561055194328112e-01
2.065932966483241557e+02,8.458704284470608403e-01,8.467241326422113579e-01
2.066333166583291643e+02,8.458606191301881738e-01,8.466921583565487630e-01
2.066733366683341728e+02,8.458502735960136132e-01,8.466601827065819430e-01
2.067133566783391529e+02,8.458394036577810970e-01,8.466282057351280921e-01
2.067533766883441899e+02,8.458280208987376536e-01,8.465962274837218748e-01
2.067933966983491700e+02,8.458161366758422117e-01,8.465642479926523967e-01
2.068334167083541786e+02,8.458037621234312242e-01,8.465322673009979537e-01
2.068734367183591871e+02,8.457909081568458776e-01,8.465002854466607829e-01
2.069134567283641672e+02,8.457775854760165579e-01,8.464683024664007016e-01
2.069534767383691758e+02,8.457638045690074602e-01,8.464363183958673043e-01
2.069934967483741843e+02,8.457495757155201188e-01,8.464043332696324917e-01
2.070335167583791929e+02,8.457349089903554162e-01,8.463723471212204474e-01
2.070735367683842014e+02,8.457198142668365115e-01,8.463403599831386126e-01
2.071135567783891815e+02,8.457043012201884702e-01,8.463083718869064409e-01
2.071535767883941901e+02,8.456883793308799246e-01,8.462763828630835983e-01
2.071935967983991986e+02,8.456720578879227679e-01,8.462443929412987176e-01
2.072336168084042072e+02,8.456553459921309912e-01,8.462124021502752669e-01
2.072736368184092157e+02,8.456382525593405530e-01,8.461804105178584168e-01
2.073136568284141958e+02,8.456207863235877253e-01,8.461484180710400205e-01
2.073536768384192044e+02,8.456029558402484714e-01,8.461164248359841489e-01
2.073936968484242129e+02,8.455847694891367450e-01,8.460844308380505163e-01
2.074337168584291931e+02,8.455662354775640432e-01,8.460524361018185724e-01
2.074737368684342300e+02,8.455473618433584360e-01,8.460204406511097064e-01
2.075137568784392101e+02,8.455281564578450704e-01,8.459884445090098959e-01
2.075537768884442187e+02,8.455086270287863748e-01,8.459564476978912451e-01
2.075937968984492272e+02,8.454887811032839595e-01,8.459244502394325238e-01
2.076338169084542074e+02,8.454686260706414380e-01,8.458924521546407060e-01
2.076738369184592443e+02,8.454481691651879460e-01,8.458604534638690664e-01
2.077138569284642244e+02,8.454274174690649124e-01,8.458284541868382744e-01
2.077538769384692330e+02,8.454063779149717517e-01,8.457964543426540471e-01
2.077938969484742415e+02,8.453850572888764736e-01,8.457644539498252456e-01
2.078339169584792216e+02,8.453634622326868797e-01,8.457324530262829709e-01
2.078739369684842586e+02,8.453415992468841234e-01,8.457004515893957741e-01
2.079139569784892387e+02,8.453194746931200765e-01,8.456684496559883080e-01
2.079539769884942473e+02,8.452970947967759496e-01,8.456364472423562040e-01
2.079939969984992558e+02,8.452744656494867170e-01,8.456044443642826147e-01
2.080340170085042359e+02,8.452515932116257957e-01,8.455724410370535349e-01
2.080740370185092729e+02,8.452284833147559739e-01,8.455404372754721232e-01
2.081140570285142530e+02,8.452051416640440351e-01,8.455084330938743564e-01
2.081540770385192616e+02,8.451815738406378564e-01,8.454764285061416862e-01
2.081940970485242701e+02,8.451577853040106447e-01,8.454444235257161377e-01
2.082341170585292502e+02,8.451337813942683130e-01,8.454124181656125225e-01
2.082741370685342588e+02,8.451095673344225512e-01,8.453804124384318719e-01
2.083141570785392673e+02,8.450851482326297015e-01,8.453484063563740936e-01
2.083541770885442759e+02,8.450605290843946626e-01,8.453163999312496291e-01
2.083941970985492844e+02,8.450357147747420417e-01,8.452843931744922212e-01
2.084342171085542645e+02,8.450107100803521121e-01,8.452523860971691283e-01
2.084742371185592731e+02,8.449855196716649086e-01,8.452203787099935584e-01
2.085142571285642816e+02,8.449601481149504600e-01,8.451883710233345504e-01
2.085542771385692618e+02,8.449345998743472697e-01,8.451563630472282984e-01
2.085942971485742987e+02,8.449088793138667119e-01,8.451243547913875886e-01
2.086343171585792788e+02,8.448829906993680083e-01,8.450923462652126794e-01
2.086743371685842874e+02,8.448569382004984529e-01,8.450603374777997390e-01
2.087143571785892959e+02,8.448307258926048835e-01,8.450283284379510595e-01
2.087543771885942760e+02,8.448043577586128450e-01,8.449963191541843832e-01
2.087943971985993130e+02,8.447778376908747777e-01,8.449643096347405624e-01
2.088344172086042931e+02,8.447511694929887849e-01,8.449322998875935520e-01
2.088744372186093017e+02,8.447243568815863135e-01,8.449002899204574035e-01
2.089144572286143102e+02,8.446974034880905258e-01,8.448682797407949252e-01
2.089544772386192903e+02,8.446703128604462485e-01,8.448362693558261194e-01
2.089944972486243273e+02,8.446430884648182813e-01,8.448042587725345109e-01
2.090345172586293074e+02,8.446157336872641697e-01,8.447722479976755849e-01
2.090745372686343160e+02,8.445882518353756696e-01,8.447402370377830039e-01
2.091145572786393245e+02,8.445606461398944553e-01,8.447082258991766013e-01
2.091545772886443046e+02,8.445329197562984058e-01,8.446762145879683770e-01
2.091945972986493416e+02,8.445050757663612462e-01,8.446442031100689363e-01
2.092346173086543217e+02,8.444771171796854325e-01,8.446121914711945955e-01
2.092746373186593303e+02,8.444490469352071704e-01,8.445801796768724889e-01
2.093146573286643388e+02,8.444208679026765640e-01,8.445481677324477854e-01
2.093546773386693189e+02,8.443925828841098991e-01,8.445161556430879068e-01
2.093946973486743559e+02,8.443641946152177225e-01,8.444841434137895231e-01
2.094347173586793360e+02,8.443357057668069432e-01,8.444521310493835475e-01
2.094747373686843446e+02,8.443071189461572867e-01,8.444201185545398003e-01
2.095147573786893531e+02,8.442784366983743238e-01,8.443881059337732253e-01
2.095547773886943332e+02,8.442496615077162980e-01,8.443560931914477763e-01
2.095947973986993418e+02,8.442207957988984157e-01,8.443240803317821896e-01
2.096348174087043503e+02,8.441918419383727112e-01,8.442920673588537595e-01
2.096748374187093589e+02,8.441628022355839311e-01,8.442600542766033334e-01
2.097148574287143674e+02,8.441336789442035471e-01,8.442280410888397535e-01
2.097548774387193475e+02,8.441044742633402320e-01,8.441960277992442974e-01
2.097948974487243561e+02,8.440751903387267996e-01,8.441640144113737865e-01
2.098349174587293646e+02,8.440458292638870486e-01,8.441320009286655823e-01
2.098749374687343447e+02,8.440163930812797366e-01,8.440999873544413612e-01
2.099149574787393817e+02,8.439868837834200166e-01,8.440679736919104448e-01
2.099549774887443618e+02,8.439573033139815550e-01,8.440359599441736860e-01
2.099949974987493704e+02,8.439276535688764458e-01,8.440039461142269106e-01
2.100350175087543789e+02,8.438979363973142522e-01,8.439719322049641370e-01
2.100750375187593590e+02,8.438681536028423968e-01,8.439399182191817950e-01
2.101150575287643960e+02,8.438383069443644580e-01,8.439079041595803909e-01
2.101550775387693761e+02,8.438083981371402587e-01,8.438758900287690601e-01
2.101950975487743847e+02,8.437784288537656385e-01,8.438438758292677866e-01
2.102351175587793932e+02,8.437484007251337959e-01,8.438118615635102904e-01
2.102751375687843733e+02,8.437183153413775338e-01,8.437798472338476907e-01
2.103151575787894103e+02,8.436881742527924111e-01,8.437478328425497276e-01
2.103551775887943904e+02,8.436579789707430166e-01,8.437158183918092025e-01
2.103951975987993990e+02,8.436277309685495940e-01,8.436838038837428666e-01
2.104352176088044075e+02,8.435974316823586783e-01,8.436517893203951957e-01
2.104752376188093876e+02,8.435670825119946370e-01,8.436197747037402772e-01
2.105152576288144246e+02,8.435366848217955571e-01,8.435877600356835870e-01
2.105552776388194047e+02,8.435062399414320344e-01,8.435557453180655418e-01
2.105952976488244133e+02,8.434757491667079776e-01,8.435237305526623874e-01
2.106353176588294218e+02,8.434452137603477562e-01,8.434917157411891964e-01
2.106753376688344019e+02,8.434146349527641418e-01,8.434597008853014222e-01
2.107153576788394389e+02,8.433840139428138150e-01,8.434276859865970088e-01
2.107553776888444190e+02,8.433533518985344424e-01,8.433956710466186113e-01
2.107953976988494276e+02,8.433226499578685420e-01,8.433636560668548166e-01
2.108354177088544361e+02,8.432919092293713614e-01,8.433316410487426973e-01
2.108754377188594162e+02,8.432611307929044342e-01,8.432996259936688110e-01
2.109154577288644248e+02,8.432303157003147032e-01,8.432676109029716427e-01
2.109554777388694333e+02,8.431994649760988780e-01,8.432355957779424926e-01
2.109954977488744419e+02,8.431685796180546921e-01,8.432035806198274752e-01
2.110355177588794504e+02,8.431376605979173933e-01,8.431715654298291840e-01
2.110755377688844305e+02,8.431067088619842442e-01,8.431395502091076910e-01
2.111155577788894391e+02,8.430757253317237021e-01,8.431075349587825452e-01
2.111555777888944476e+02,8.430447109043736065e-01,8.430755196799333273e-01
2.111955977988994277e+02,8.430136664535253788e-01,8.430435043736022038e-01
2.112356178089044647e+02,8.429825928296960091e-01,8.430114890407940376e-01
2.112756378189094448e+02,8.429514908608877199e-01,8.429794736824783863e-01
2.113156578289144534e+02,8.429203613531354167e-01,8.429474582995902798e-01
2.113556778389194619e+02,8.428892050910422595e-01,8.429154428930316634e-01
2.113956978489244420e+02,8.428580228383041328e-01,8.428834274636726187e-01
2.114357178589294790e+02,8.428268153382216799e-01,8.428514120123519193e-01
2.114757378689344591e+02,8.427955833142015685e-01,8.428193965398788068e-01
2.115157578789394677e+02,8.427643274702470988e-01,8.427873810470334348e-01
2.115557778889444762e+02,8.427330484914374864e-01,8.427553655345684236e-01
2.115957978989494563e+02,8.427017470443962655e-01,8.427233500032090818e-01
2.116358179089544933e+02,8.426704237777502549e-01,8.426913344536548500e-01
2.116758379189594734e+02,8.426390793225775333e-01,8.426593188865805217e-01
2.117158579289644820e+02,8.426077142928453112e-01,8.426273033026359105e-01
2.117558779389694905e+02,8.425763292858384768e-01,8.425952877024481813e-01
2.117958979489744706e+02,8.425449248825779280e-01,8.425632720866215175e-01
2.118359179589795076e+02,8.425135016482303563e-01,8.425312564557386752e-01
2.118759379689844877e+02,8.424820601325073710e-01,8.424992408103609831e-01
2.119159579789894963e+02,8.424506008700566317e-01,8.424672251510295640e-01
2.119559779889945048e+02,8.424191243808439866e-01,8.424352094782663336e-01
2.119959979989994849e+02,8.423876311705260633e-01,8.424031937925737790e-01
2.120360180090044935e+02,8.423561217308153104e-01,8.423711780944367344e-01
2.120760380190095020e+02,8.423245965398356017e-01,8.423391623843219378e-01
2.121160580290145106e+02,8.422930560624709573e-01,8.423071466626793624e-01
2.121560780390195191e+02,8.422615007507044949e-01,8.422751309299425504e-01
2.121960980490244992e+02,8.422299310439510522e-01,8.422431151865293897e-01
2.122361180590295078e+02,8.421983473693810396e-01,8.422110994328423361e-01
2.122761380690345163e+02,8.421667501422369639e-01,8.421790836692690796e-01
2.123161580790394964e+02,8.421351397661432925e-01,8.421470678961833212e-01
2.123561780890445334e+02,8.421035166334072120e-01,8.421150521139449951e-01
2.123961980990495135e+02,8.420718811253146141e-01,8.420830363229009352e-01
2.124362181090545221e+02,8.420402336124167553e-01,8.420510205233848744e-01
2.124762381190595306e+02,8.420085744548120310e-01,8.420190047157185553e-01
2.125162581290645107e+02,8.419769040024198681e-01,8.419869889002120633e-01
2.125562781390695477e+02,8.419452225952482882e-01,8.419549730771634932e-01
2.125962981490745278e+02,8.419135305636556987e-01,8.419229572468605038e-01
2.126363181590795364e+02,8.418818282286051335e-01,8.418909414095796517e-01
2.126763381690845449e+02,8.418501159019138314e-01,8.418589255655877235e-01
2.127163581790895250e+02,8.418183938864953753e-01,8.418269097151412916e-01
2.127563781890945620e+02,8.417866624765970585e-01,8.417948938584871588e-01
2.127963981990995421e+02,8.417549219580310327e-01,8.417628779958638008e-01
2.128364182091045507e+02,8.417231726083994614e-01,8.417308621274998126e-01
2.128764382191095592e+02,8.416914146973152322e-01,8.416988462536162396e-01
2.129164582291145393e+02,8.416596484866154526e-01,8.416668303744250235e-01
2.129564782391195763e+02,8.416278742305721705e-01,8.416348144901307782e-01
2.129964982491245564e+02,8.415960921760951008e-01,8.416027986009302353e-01
2.130365182591295650e+02,8.415643025629315765e-01,8.415707827070125768e-01
2.130765382691345735e+02,8.415325056238610602e-01,8.415387668085604345e-01
2.131165582791395536e+02,8.415007015848831040e-01,8.415067509057490014e-01
2.131565782891445906e+02,8.414688906654033129e-01,8.414747349987474756e-01
2.131965982991495707e+02,8.414370730784127561e-01,8.414427190877179497e-01
2.132366183091545793e+02,8.414052490306632714e-01,8.414107031728170760e-01
2.132766383191595878e+02,8.413734187228387729e-01,8.413786872541951789e-01
2.133166583291645679e+02,8.413415823497221169e-01,8.413466713319973644e-01
2.133566783391695765e+02,8.413097401003573061e-01,8.413146554063627436e-01
2.133966983491745850e+02,8.412778921582075853e-01,8.412826394774252092e-01
2.134367183591795936e+02,8.412460387013108720e-01,8.412506235453141024e-01
2.134767383691846021e+02,8.412141799024290822e-01,8.412186076101532128e-01
2.135167583791895822e+02,8.411823159291953456e-01,8.411865916720621117e-01
2.135567783891945908e+02,8.411504469442565579e-01,8.411545757311555960e-01
2.135967983991995993e+02,8.411185731054121595e-01,8.411225597875439108e-01
2.136368184092045794e+02,8.410866945657508031e-01,8.410905438413336377e-01
2.136768384192096164e+02,8.410548114737812497e-01,8.410585278926266950e-01
2.137168584292145965e+02,8.410229239735617091e-01,8.410265119415215596e-01
2.137568784392196051e+02,8.409910322048244069e-01,8.409944959881124893e-01
2.137968984492246136e+02,8.409591363030989308e-01,8.409624800324906335e-01
2.138369184592295937e+02,8.409272363998293587e-01,8.409304640747433668e-01
2.138769384692346307e+02,8.408953326224911651e-01,8.408984481149545109e-01
2.139169584792396108e+02,8.408634250947037980e-01,8.408664321532052233e-01
2.139569784892446194e+02,8.408315139363397028e-01,8.408344161895728863e-01
2.139969984992496279e+02,8.407995992636322358e-01,8.408024002241325512e-01
2.140370185092546080e+02,8.407676811892783597e-01,8.407703842569558272e-01
2.140770385192596450e+02,8.407357598225413398e-01,8.407383682881117704e-01
2.141170585292646251e+02,8.407038352693478878e-01,8.407063523176668829e-01
2.141570785392696337e+02,8.406719076323849738e-01,8.406743363456847806e-01
2.141970985492746422e+02,8.406399770111930847e-01,8.406423203722270809e-01
2.142371185592796223e+02,8.406080435022567077e-01,8.406103043973524036e-01
2.142771385692846593e+02,8.405761071990932587e-01,8.405782884211177031e-01
2.143171585792896394e+02,8.405441681923384589e-01,8.405462724435772692e-01
2.143571785892946480e+02,8.405122265698309336e-01,8.405142564647835046e-01
2.143971985992996565e+02,8.404802824166925923e-01,8.404822404847867023e-01
2.144372186093046366e+02,8.404483358154091199e-01,8.404502245036351571e-01
2.144772386193096736e+02,8.404163868459058051e-01,8.404182085213752762e-01
2.145172586293146537e+02,8.403844355856234793e-01,8.403861925380519127e-01
2.145572786393196623e+02,8.403524821095910147e-01,8.403541765537076991e-01
2.145972986493246708e+02,8.403205264904961558e-01,8.403221605683837137e-01
2.146373186593296509e+02,8.402885687987551311e-01,8.402901445821199244e-01
2.146773386693346595e+02,8.402566091025789330e-01,8.402581285949540790e-01
2.147173586793396680e+02,8.402246474680391541e-01,8.402261126069227037e-01
2.147573786893446766e+02,8.401926839591314922e-01,8.401940966180608816e-01
2.147973986993496851e+02,8.401607186378365899e-01,8.401620806284023635e-01
2.148374187093546652e+02,8.401287515641812087e-01,8.401300646379795678e-01
2.148774387193596738e+02,8.400967827962955159e-01,8.400980486468233588e-01
2.149174587293646823e+02,8.400648123904705944e-01,8.400660326549638235e-01
2.149574787393696624e+02,8.400328404012127326e-01,8.400340166624294946e-01
2.149974987493746994e+02,8.400008668812974921e-01,8.400020006692479058e-01
2.150375187593796795e+02,8.399688918818217775e-01,8.399699846754455912e-01
2.150775387693846881e+02,8.399369154522540182e-01,8.399379686810478640e-01
2.151175587793896966e+02,8.399049376404837952e-01,8.399059526860790381e-01
2.151575787893946767e+02,8.398729584928692482e-01,8.398739366905626502e-01
2.151975987993997137e+02,8.398409780542835934e-01,8.398419206945210158e-01
2.152376188094046938e+02,8.398089963681601988e-01,8.398099046979758953e-01
2.152776388194097024e+02,8.397770134765364380e-01,8.397778887009477167e-01
2.153176588294147109e+02,8.397450294200964338e-01,8.397458727034566861e-01
2.153576788394196910e+02,8.397130442382116922e-01,8.397138567055214553e-01
2.153976988494247280e+02,8.396810579689821807e-01,8.396818407071607870e-01
2.154377188594297081e+02,8.396490706492746314e-01,8.396498247083920008e-01
2.154777388694347167e+02,8.396170823147608431e-01,8.396178087092319720e-01
2.155177588794397252e+02,8.395850929999539858e-01,8.395857927096969098e-01
2.155577788894447053e+02,8.395531027382450162e-01,8.395537767098024684e-01
2.155977988994497423e+02,8.395211115619364284e-01,8.395217607095634138e-01
2.156378189094547224e+02,8.394891195022771146e-01,8.394897447089940679e-01
2.156778389194597310e+02,8.394571265894938961e-01,8.394577287081083083e-01
2.157178589294647395e+02,8.394251328528237188e-01,8.394257127069190139e-01
2.157578789394697196e+02,8.393931383205449626e-01,8.393936967054390630e-01
2.157978989494747282e+02,8.393611430200065282e-01,8.393616807036804461e-01
2.158379189594797367e+02,8.393291469776570368e-01,8.393296647016548206e-01
2.158779389694847453e+02,8.392971502190738065e-01,8.392976486993733998e-01
2.159179589794897538e+02,8.392651527689889424e-01,8.392656326968467306e-01
2.159579789894947339e+02,8.392331546513170926e-01,8.392336166940853603e-01
2.159979989994997425e+02,8.392011558891799838e-01,8.392016006910988368e-01
2.160380190095047510e+02,8.391691565049328450e-01,8.391695846878968190e-01
2.160780390195097596e+02,8.391371565201869442e-01,8.391375686844881887e-01
2.161180590295147681e+02,8.391051559558346806e-01,8.391055526808817167e-01
2.161580790395197482e+02,8.390731548320714550e-01,8.390735366770858406e-01
2.161980990495247568e+02,8.390411531684179858e-01,8.390415206731082209e-01
2.162381190595297653e+02,8.390091509837420691e-01,8.390095046689568514e-01
2.162781390695347454e+02,8.389771482962790072e-01,8.389774886646389485e-01
2.163181590795397824e+02,8.389451451236522583e-01,8.389454726601615064e-01
2.163581790895447625e+02,8.389131414828923106e-01,8.389134566555314088e-01
2.163981990995497711e+02,8.388811373904565549e-01,8.388814406507548727e-01
2.164382191095547796e+02,8.388491328622471599e-01,8.388494246458383374e-01
2.164782391195597597e+02,8.388171279136288350e-01,8.388174086407876873e-01
2.165182591295647967e+02,8.387851225594465943e-01,8.387853926356085843e-01
2.165582791395697768e+02,8.387531168140421878e-01,8.387533766303064686e-01
2.165982991495747854e+02,8.387211106912706438e-01,8.387213606248866693e-01
2.166383191595797939e+02,8.386891042045154787e-01,8.386893446193540713e-01
2.166783391695847740e+02,8.386570973667049067e-01,8.386573286137137817e-01
2.167183591795898110e+02,8.386250901903257171e-01,8.386253126079699083e-01
2.167583791895947911e+02,8.385930826874385957e-01,8.385932966021274471e-01
2.167983991995997997e+02,8.385610748696910033e-01,8.385612805961901728e-01
2.168384192096048082e+02,8.385290667483312754e-01,8.385292645901623043e-01
2.168784392196097883e+02,8.384970583342219452e-01,8.384972485840478384e-01
2.169184592296148253e+02,8.384650496378516227e-01,8.384652325778502169e-01
2.169584792396198054e+02,8.384330406693483173e-01,8.384332165715733254e-01
2.169984992496248140e+02,8.384010314384900964e-01,8.384012005652203836e-01
2.170385192596298225e+02,8.383690219547175193e-01,8.383691845587946112e-01
2.170785392696348026e+02,8.383370122271446290e-01,8.383371685522993388e-01
2.171185592796398112e+02,8.383050022645692767e-01,8.383051525457374531e-01
2.171585792896448197e+02,8.382729920754844466e-01,8.382731365391119516e-01
2.171985992996498283e+02,8.382409816680874703e-01,8.382411205324252768e-01
2.172386193096548368e+02,8.382089710502906854e-01,8.382091045256805373e-01
2.172786393196598169e+02,8.381769602297302058e-01,8.381770885188798426e-01
2.173186593296648255e+02,8.381449492137753587e-01,8.381450725120258571e-01
2.173586793396698340e+02,8.381129380095382331e-01,8.381130565051208015e-01
2.173986993496748141e+02,8.380809266238812283e-01,8.380810404981667849e-01
2.174387193596798511e+02,8.380489150634266027e-01,8.380490244911662501e-01
2.174787393696848312e+02,8.380169033345631346e-01,8.380170084841209732e-01
2.175187593796898398e+02,8.379848914434552265e-01,8.379849924770328418e-01
2.175587793896948483e+02,8.379528793960502320e-01,8.379529764699040761e-01
2.175987993996998284e+02,8.379208671980848955e-01,8.379209604627360086e-01
2.176388194097048654e+02,8.378888548550937898e-01,8.378889444555307486e-01
2.176788394197098455e+02,8.378568423724150893e-01,8.378569284482895174e-01
2.177188594297148541e+02,8.378248297551980084e-01,8.378249124410143134e-01
2.177588794397198626e+02,8.377928170084083526e-01,8.377928964337063578e-01
2.177988994497248427e+02,8.377608041368360681e-01,8.377608804263673159e-01
2.178389194597298797e+02,8.377287911450997937e-01,8.377288644189981870e-01
2.178789394697348598e+02,8.376967780376537442e-01,8.376968484116007474e-01
2.179189594797398684e+02,8.376647648187928175e-01,8.376648324041758853e-01
2.179589794897448769e+02,8.376327514926582563e-01,8.376328163967249330e-01
2.179989994997498570e+02,8.376007380632429777e-01,8.376008003892491116e-01
2.180390195097548940e+02,8.375687245343964582e-01,8.375687843817493095e-01
2.180790395197598741e+02,8.375367109098300622e-01,8.375367683742268587e-01
2.181190595297648827e+02,8.375046971931212614e-01,8.375047523666826477e-01
2.181590795397698912e+02,8.374726833877184085e-01,8.374727363591175644e-01
2.181990995497748713e+02,8.374406694969460663e-01,8.374407203515326081e-01
2.182391195597799083e+02,8.374086555240075613e-01,8.374087043439286671e-01
2.182791395697848884e+02,8.373766414719913120e-01,8.373766883363065183e-01
2.183191595797898970e+02,8.373446273438728271e-01,8.373446723286671611e-01
2.183591795897949055e+02,8.373126131425200347e-01,8.373126563210110396e-01
2.183991995997998856e+02,8.372805988706963909e-01,8.372806403133391528e-01
2.184392196098048942e+02,8.372485845310647656e-01,8.372486243056521671e-01
2.184792396198099027e+02,8.372165701261907733e-01,8.372166082979507484e-01
2.185192596298149112e+02,8.371845556585463255e-01,8.371845922902353410e-01
2.185592796398199198e+02,8.371525411305130726e-01,8.371525762825069439e-01
2.185992996498248999e+02,8.371205265443852905e-01,8.371205602747658903e-01
2.186393196598299085e+02,8.370885119023726562e-01,8.370885442670127352e-01
2.186793396698349170e+02,8.370564972066045772e-01,8.370565282592481449e-01
2.187193596798398971e+02,8.370244824591310806e-01,8.370245122514725633e-01
2.187593796898449341e+02,8.369924676619273640e-01,8.369924962436865457e-01
2.187993996998499142e+02,8.369604528168953506e-01,8.369604802358903139e-01
2.188394197098549228e+02,8.369284379258670192e-01,8.369284642280847564e-01
2.188794397198599313e+02,8.368964229906060703e-01,8.368964482202699839e-01
2.189194597298649114e+02,8.368644080128110341e-01,8.368644322124464408e-01
2.189594797398699484e+02,8.368323929941176020e-01,8.368324162046145709e-01
2.189994997498749285e+02,8.368003779361005146e-01,8.368004001967748184e-01
2.190395197598799371e+02,8.367683628402758922e-01,8.367683841889275165e-01
2.190795397698849456e+02,8.367363477081030121e-01,8.367363681810728870e-01
2.191195597798899257e+02,8.367043325409873056e-01,8.367043521732113742e-01
2.191595797898949627e+02,8.366723173402810243e-01,8.366723361653432001e-01
2.191995997998999428e+02,8.366403021072864599e-01,8.366403201574688087e-01
2.192396198099049514e+02,8.366082868432563879e-01,8.366083041495884220e-01
2.192796398199099599e+02,8.365762715493970658e-01,8.365762881417021513e-01
2.193196598299149400e+02,8.365442562268691207e-01,8.365442721338105514e-01
2.193596798399199770e+02,8.365122408767895479e-01,8.365122561259136225e-01
2.193996998499249571e+02,8.364802255002333764e-01,8.364802401180118085e-01
2.194397198599299657e+02,8.364482100982348900e-01,8.364482241101051097e-01
2.194797398699349742e+02,8.364161946717890705e-01,8.364162081021938588e-01
2.195197598799399543e+02,8.363841792218537075e-01,8.363841920942783892e-01
2.195597798899449913e+02,8.363521637493498417e-01,8.363521760863587007e-01
2.195997998999499714e+02,8.363201482551638755e-01,8.363201600784351264e-01
2.196398199099549799e+02,8.362881327401481268e-01,8.362881440705076663e-01
2.196798399199599885e+02,8.362561172051230507e-01,8.362561280625767646e-01
2.197198599299649686e+02,8.362241016508771274e-01,8.362241120546424211e-01
2.197598799399699772e+02,8.361920860781690834e-01,8.361920960467046360e-01
2.197998999499749857e+02,8.361600704877288903e-01,8.361600800387639643e-01
2.198399199599799942e+02,8.361280548802578760e-01,8.361280640308200729e-01
2.198799399699850028e+02,8.360960392564312782e-01,8.360960480228735170e-01
2.199199599799899829e+02,8.360640236168978001e-01,8.360640320149241855e-01
2.199599799899949915e+02,8.360320079622816092e-01,8.360320160069723006e-01
2.200000000000000000e+02,8.359999922931825589e-01,8.359999999990179731e-01
